#Stellar_Type,Mass,Luminosity,Radius,Temp,B-V,Mv,BC(Temp),Mbol
#None,Mstar/Msun,Lstar/Lsun,Rstar/Rsun,K,Color,Mag,Corr,Mag
A0Ia,13.70,107000.00,114.00,9900.00,-0.06,-7.40,-0.42,-7.82
A0Ia0,15.80,186000.00,151.00,9900.00,-0.06,-8.00,-0.42,-8.42
A0Ib,11.50,15400.00,43.50,9900.00,-0.06,-5.30,-0.42,-5.72
A0II,9.40,2680.00,18.10,9900.00,-0.06,-3.40,-0.42,-3.82
A0III,7.20,154.00,4.35,9900.00,-0.06,-0.30,-0.42,-0.72
A0IV,5.10,88.80,3.30,9900.00,-0.06,0.30,-0.42,-0.12
A0V,2.90,67.40,2.88,9900.00,-0.06,0.60,-0.42,0.18
A0VI,1.90,26.80,1.81,9900.00,-0.06,1.60,-0.42,1.18
A1Ia,13.10,114000.00,123.00,9707.00,-0.06,-7.50,-0.39,-7.89
A1Ia0,15.20,198000.00,162.00,9707.00,-0.06,-8.10,-0.39,-8.49
A1Ib,11.00,15000.00,44.60,9707.00,-0.06,-5.30,-0.39,-5.69
A1II,8.90,2350.00,17.90,9650.00,-0.06,-3.30,-0.38,-3.68
A1III,6.90,124.00,4.10,9650.00,-0.06,-0.10,-0.38,-0.48
A1IV,4.80,71.10,3.11,9650.00,-0.06,0.50,-0.38,0.12
A1V,2.70,49.20,2.59,9650.00,-0.06,0.90,-0.38,0.52
A1VI,1.80,19.60,1.63,9650.00,-0.06,1.90,-0.38,1.52
A2Ia,12.50,121000.00,132.00,9513.00,-0.05,-7.60,-0.36,-7.96
A2Ia0,14.50,210000.00,174.00,9513.00,-0.05,-8.20,-0.36,-8.56
A2Ib,10.50,13300.00,43.70,9513.00,-0.05,-5.20,-0.36,-5.56
A2II,8.50,2070.00,17.70,9400.00,-0.05,-3.20,-0.34,-3.54
A2III,6.50,99.00,3.87,9400.00,-0.05,0.10,-0.34,-0.24
A2IV,4.50,57.00,2.93,9400.00,-0.05,0.70,-0.34,0.36
A2V,2.50,39.40,2.44,9400.00,-0.05,1.10,-0.34,0.76
A2VI,1.80,15.70,1.54,9400.00,-0.05,2.10,-0.34,1.76
A3Ia,12.00,129000.00,142.00,9320.00,-0.05,-7.70,-0.33,-8.03
A3Ia0,13.90,224000.00,187.00,9320.00,-0.05,-8.30,-0.33,-8.63
A3Ib,10.00,12900.00,44.90,9320.00,-0.05,-5.20,-0.33,-5.53
A3II,8.10,1660.00,16.70,9150.00,-0.04,-3.00,-0.30,-3.30
A3III,6.20,87.10,3.83,9150.00,-0.04,0.20,-0.30,-0.10
A3IV,4.30,41.70,2.65,9150.00,-0.04,1.00,-0.30,0.70
A3V,2.40,28.90,2.20,9150.00,-0.04,1.40,-0.30,1.10
A3VI,1.80,11.50,1.39,9150.00,-0.04,2.40,-0.30,2.10
A4Ia,11.40,138000.00,153.00,9127.00,-0.04,-7.80,-0.30,-8.10
A4Ia0,13.20,239000.00,202.00,9127.00,-0.04,-8.40,-0.30,-8.70
A4Ib,9.50,11400.00,44.10,9127.00,-0.04,-5.10,-0.30,-5.40
A4II,7.70,1460.00,16.60,8900.00,0.00,-2.90,-0.26,-3.16
A4III,5.80,70.00,3.63,8900.00,0.00,0.40,-0.26,0.14
A4IV,4.00,33.50,2.51,8900.00,0.00,1.20,-0.26,0.94
A4V,2.10,23.20,2.09,8900.00,0.00,1.60,-0.26,1.34
A4VI,1.70,9.23,1.32,8900.00,0.00,2.60,-0.26,2.34
A5Ia,10.80,161000.00,173.00,8933.00,0.00,-8.00,-0.27,-8.27
A5Ia0,12.60,255000.00,217.00,8933.00,0.00,-8.50,-0.27,-8.77
A5Ib,9.00,11100.00,45.40,8933.00,0.00,-5.10,-0.27,-5.37
A5II,7.20,1290.00,16.50,8650.00,0.05,-2.80,-0.23,-3.03
A5III,5.40,56.40,3.45,8650.00,0.05,0.60,-0.23,0.37
A5IV,3.70,27.00,2.38,8650.00,0.05,1.40,-0.23,1.17
A5V,1.90,17.00,1.89,8650.00,0.05,1.90,-0.23,1.67
A5VI,1.60,6.78,1.20,8650.00,0.05,2.90,-0.23,2.67
A6Ia,10.80,189000.00,195.00,8740.00,0.03,-8.20,-0.24,-8.44
A6Ia0,12.60,249000.00,224.00,8740.00,0.03,-8.50,-0.24,-8.74
A6Ib,9.00,10900.00,46.90,8740.00,0.03,-5.10,-0.24,-5.34
A6II,7.20,1140.00,16.50,8400.00,0.09,-2.70,-0.20,-2.90
A6III,5.40,45.50,3.28,8400.00,0.09,0.80,-0.20,0.60
A6IV,3.60,21.80,2.27,8400.00,0.09,1.60,-0.20,1.40
A6V,1.80,15.10,1.89,8400.00,0.09,2.00,-0.20,1.80
A6VI,1.60,5.47,1.14,8400.00,0.09,3.10,-0.20,2.90
A7Ia,10.80,222000.00,221.00,8547.00,0.07,-8.40,-0.21,-8.61
A7Ia0,12.60,267000.00,243.00,8547.00,0.07,-8.60,-0.21,-8.81
A7Ib,9.00,10600.00,48.40,8547.00,0.07,-5.10,-0.21,-5.31
A7II,7.20,1110.00,17.20,8150.00,0.14,-2.70,-0.17,-2.87
A7III,5.40,36.80,3.14,8150.00,0.14,1.00,-0.17,0.83
A7IV,3.60,19.30,2.27,8150.00,0.14,1.70,-0.17,1.53
A7V,1.80,12.20,1.81,8150.00,0.14,2.20,-0.17,2.03
A7VI,1.50,4.43,1.09,8150.00,0.14,3.30,-0.17,3.13
A8Ia,10.80,238000.00,240.00,8353.00,0.10,-8.50,-0.19,-8.69
A8Ia0,12.60,260000.00,251.00,8353.00,0.10,-8.60,-0.19,-8.79
A8Ib,9.00,10400.00,50.10,8353.00,0.10,-5.10,-0.19,-5.29
A8II,7.20,990.00,17.30,7900.00,0.19,-2.60,-0.14,-2.74
A8III,5.40,32.80,3.15,7900.00,0.19,1.10,-0.14,0.96
A8IV,3.60,15.70,2.18,7900.00,0.19,1.90,-0.14,1.76
A8V,1.80,10.90,1.81,7900.00,0.19,2.30,-0.14,2.16
A8VI,1.50,3.59,1.04,7900.00,0.19,3.50,-0.14,3.36
A9Ia,10.80,233000.00,249.00,8160.00,0.14,-8.50,-0.17,-8.67
A9Ia0,12.60,280000.00,273.00,8160.00,0.14,-8.70,-0.17,-8.87
A9Ib,9.00,10200.00,52.00,8160.00,0.14,-5.10,-0.17,-5.27
A9II,7.10,970.00,18.30,7650.00,0.24,-2.60,-0.12,-2.72
A9III,5.30,26.70,3.03,7650.00,0.24,1.30,-0.12,1.18
A9IV,3.50,14.00,2.20,7650.00,0.24,2.00,-0.12,1.88
A9V,1.70,8.85,1.75,7650.00,0.24,2.50,-0.12,2.38
A9VI,1.40,2.93,1.00,7650.00,0.24,3.70,-0.12,3.58
B0Ia,44.70,573000.00,41.60,25000.00,-0.27,-7.00,-2.65,-9.65
B0Ia0,50.10,2280000.00,83.00,25000.00,-0.27,-8.50,-2.65,-11.15
B0Ib,39.20,228000.00,26.20,25000.00,-0.27,-6.00,-2.65,-8.65
B0II,33.80,190000.00,19.10,28000.00,-0.29,-5.50,-2.95,-8.45
B0III,28.40,109000.00,14.50,28000.00,-0.29,-4.90,-2.95,-7.85
B0IV,22.90,75700.00,12.10,28000.00,-0.29,-4.50,-2.95,-7.45
B0V,17.50,36200.00,8.34,28000.00,-0.29,-3.70,-2.95,-6.65
B0VI,5.90,19000.00,6.04,28000.00,-0.29,-3.00,-2.95,-5.95
B1Ia,40.00,507000.00,43.20,23790.00,-0.26,-7.00,-2.51,-9.51
B1Ia0,45.10,2020000.00,86.20,23790.00,-0.26,-8.50,-2.51,-11.01
B1Ib,34.80,184000.00,26.00,23790.00,-0.26,-5.90,-2.51,-8.41
B1II,29.70,134000.00,18.30,26190.00,-0.28,-5.30,-2.77,-8.07
B1III,24.50,53400.00,11.60,26190.00,-0.28,-4.30,-2.77,-7.07
B1IV,19.40,37000.00,9.63,26190.00,-0.28,-3.90,-2.77,-6.67
B1V,14.20,19400.00,6.97,26190.00,-0.28,-3.20,-2.77,-5.97
B1VI,5.20,10200.00,5.05,26190.00,-0.28,-2.50,-2.77,-5.27
B2Ia,35.20,446000.00,45.00,22580.00,-0.25,-7.00,-2.37,-9.37
B2Ia0,40.10,1620000.00,85.70,22580.00,-0.25,-8.40,-2.37,-10.77
B2Ib,30.40,162000.00,27.10,22580.00,-0.25,-5.90,-2.37,-8.27
B2II,25.50,93600.00,17.70,24380.00,-0.27,-5.10,-2.58,-7.68
B2III,20.60,28300.00,9.71,24380.00,-0.27,-3.80,-2.58,-6.38
B2IV,15.80,19600.00,8.08,24380.00,-0.27,-3.40,-2.58,-5.98
B2V,10.90,9360.00,5.59,24380.00,-0.27,-2.60,-2.58,-5.18
B2VI,4.50,5390.00,4.24,24380.00,-0.27,-2.00,-2.58,-4.58
B3Ia,30.50,428000.00,49.20,21370.00,-0.24,-7.10,-2.23,-9.33
B3Ia0,35.10,1420000.00,89.50,21370.00,-0.24,-8.40,-2.23,-10.63
B3Ib,25.90,129000.00,27.00,21370.00,-0.24,-5.80,-2.23,-8.03
B3II,21.40,64500.00,17.10,22570.00,-0.25,-4.90,-2.37,-7.27
B3III,16.80,13500.00,7.82,22570.00,-0.25,-3.20,-2.37,-5.57
B3IV,12.20,9320.00,6.51,22570.00,-0.25,-2.80,-2.37,-5.17
B3V,7.60,4890.00,4.71,22570.00,-0.25,-2.10,-2.37,-4.47
B3VI,3.80,2570.00,3.41,22570.00,-0.25,-1.40,-2.37,-3.77
B4Ia,26.20,338000.00,49.20,20160.00,-0.23,-7.00,-2.07,-9.07
B4Ia0,30.10,1230000.00,93.70,20160.00,-0.23,-8.40,-2.07,-10.47
B4Ib,22.30,112000.00,28.30,20160.00,-0.23,-5.80,-2.07,-7.87
B4II,18.40,43700.00,16.70,20760.00,-0.24,-4.70,-2.15,-6.85
B4III,14.50,6930.00,6.63,20760.00,-0.24,-2.70,-2.15,-4.85
B4IV,10.60,4790.00,5.52,20760.00,-0.24,-2.30,-2.15,-4.45
B4V,6.70,2290.00,3.82,20760.00,-0.24,-1.50,-2.15,-3.65
B4VI,3.40,1320.00,2.89,20760.00,-0.24,-0.90,-2.15,-3.05
B5Ia,21.90,291000.00,51.60,18950.00,-0.22,-7.00,-1.91,-8.91
B5Ia0,25.10,965000.00,93.90,18950.00,-0.22,-8.30,-1.91,-10.21
B5Ib,18.70,88000.00,28.40,18950.00,-0.22,-5.70,-1.91,-7.61
B5II,15.50,29100.00,16.30,18950.00,-0.22,-4.50,-1.91,-6.41
B5III,12.30,3190.00,5.40,18950.00,-0.22,-2.10,-1.91,-4.01
B5IV,9.10,2210.00,4.50,18950.00,-0.22,-1.70,-1.91,-3.61
B5V,5.90,1160.00,3.26,18950.00,-0.22,-1.00,-1.91,-2.91
B5VI,2.90,667.00,2.47,18950.00,-0.22,-0.40,-1.91,-2.31
B6Ia,20.20,229000.00,55.90,17140.00,-0.20,-7.00,-1.65,-8.65
B6Ia0,23.20,758000.00,102.00,17140.00,-0.20,-8.30,-1.65,-9.95
B6Ib,17.20,63100.00,29.40,17140.00,-0.20,-5.60,-1.65,-7.25
B6II,14.20,17400.00,15.40,17140.00,-0.20,-4.20,-1.65,-5.85
B6III,11.20,1740.00,4.87,17140.00,-0.20,-1.70,-1.65,-3.35
B6IV,8.20,1200.00,4.05,17140.00,-0.20,-1.30,-1.65,-2.95
B6V,5.20,692.00,3.07,17140.00,-0.20,-0.70,-1.65,-2.35
B6VI,2.70,363.00,2.23,17140.00,-0.20,0.00,-1.65,-1.65
B7Ia,18.60,193000.00,64.30,15330.00,-0.18,-7.10,-1.37,-8.47
B7Ia0,21.40,533000.00,107.00,15330.00,-0.18,-8.20,-1.37,-9.57
B7Ib,15.80,44300.00,30.80,15330.00,-0.18,-5.50,-1.37,-6.87
B7II,12.90,11100.00,15.40,15330.00,-0.18,-4.00,-1.37,-5.37
B7III,10.10,1010.00,4.66,15330.00,-0.18,-1.40,-1.37,-2.77
B7IV,7.30,640.00,3.70,15330.00,-0.18,-0.90,-1.37,-2.27
B7V,4.50,404.00,2.94,15330.00,-0.18,-0.40,-1.37,-1.77
B7VI,2.50,193.00,2.03,15330.00,-0.18,0.40,-1.37,-0.97
B8Ia,16.90,160000.00,75.20,13520.00,-0.15,-7.20,-1.06,-8.26
B8Ia0,19.50,367000.00,114.00,13520.00,-0.15,-8.10,-1.06,-9.16
B8Ib,14.30,33400.00,34.40,13520.00,-0.15,-5.50,-1.06,-6.56
B8II,11.70,6990.00,15.70,13520.00,-0.15,-3.80,-1.06,-4.86
B8III,9.00,530.00,4.33,13520.00,-0.15,-1.00,-1.06,-2.06
B8IV,6.40,334.00,3.44,13520.00,-0.15,-0.50,-1.06,-1.56
B8V,3.80,211.00,2.73,13520.00,-0.15,0.00,-1.06,-1.06
B8VI,2.40,101.00,1.89,13520.00,-0.15,0.80,-1.06,-0.26
B9Ia,15.30,131000.00,90.50,11710.00,-0.11,-7.30,-0.74,-8.04
B9Ia0,17.70,273000.00,131.00,11710.00,-0.11,-8.10,-0.74,-8.84
B9Ib,12.90,22700.00,37.70,11710.00,-0.11,-5.40,-0.74,-6.14
B9II,10.50,4320.00,16.50,11710.00,-0.11,-3.60,-0.74,-4.34
B9III,8.10,299.00,4.33,11710.00,-0.11,-0.70,-0.74,-1.44
B9IV,5.70,172.00,3.29,11710.00,-0.11,-0.10,-0.74,-0.84
B9V,3.40,119.00,2.73,11710.00,-0.11,0.30,-0.74,-0.44
B9VI,2.10,52.00,1.81,11710.00,-0.11,1.20,-0.74,0.46
C0Ia,10.20,170000.00,649.00,4669.00,1.03,-7.70,-0.62,-8.32
C0Ia0,12.00,813000.00,1420.00,4669.00,1.03,-9.40,-0.62,-10.02
C0Ib,8.30,9770.00,156.00,4669.00,1.03,-4.60,-0.62,-5.22
C0II,6.50,1290.00,56.50,4669.00,1.03,-2.40,-0.62,-3.02
C0III,4.60,89.10,14.90,4669.00,1.03,0.50,-0.62,-0.12
C0IV,2.80,6.20,2.76,5560.00,0.75,3.00,-0.23,2.77
C0V,0.90,0.98,1.10,5560.00,0.75,5.00,-0.23,4.77
C0VI,0.80,0.30,0.61,5560.00,0.75,6.30,-0.23,6.07
C1Ia,10.80,191000.00,785.00,4371.00,1.14,-7.60,-0.85,-8.45
C1Ia0,12.70,1100000.00,1880.00,4371.00,1.14,-9.50,-0.85,-10.35
C1Ib,8.80,12000.00,197.00,4371.00,1.14,-4.60,-0.85,-5.45
C1II,6.80,1590.00,71.60,4371.00,1.14,-2.40,-0.85,-3.25
C1III,4.80,132.00,20.60,4371.00,1.14,0.30,-0.85,-0.55
C1IV,2.80,7.00,3.41,5164.00,0.87,3.00,-0.36,2.64
C1V,0.80,0.64,1.03,5164.00,0.87,5.60,-0.36,5.24
C1VI,0.70,0.18,0.54,5164.00,0.87,7.00,-0.36,6.64
C2Ia,11.40,228000.00,989.00,4073.00,1.25,-7.50,-1.15,-8.65
C2Ia0,13.50,1310000.00,2370.00,4073.00,1.25,-9.40,-1.15,-10.55
C2Ib,9.20,17300.00,272.00,4073.00,1.25,-4.70,-1.15,-5.85
C2II,7.10,2280.00,98.90,4073.00,1.25,-2.50,-1.15,-3.65
C2III,5.00,208.00,29.90,4073.00,1.25,0.10,-1.15,-1.05
C2IV,2.90,7.67,4.18,4769.00,1.00,3.10,-0.56,2.54
C2V,0.80,0.28,0.80,4769.00,1.00,6.70,-0.56,6.14
C2VI,0.70,0.13,0.55,4769.00,1.00,7.50,-0.56,6.94
C3Ia,12.00,297000.00,1310.00,3776.00,1.37,-7.40,-1.53,-8.93
C3Ia0,14.20,1710000.00,3150.00,3776.00,1.37,-9.30,-1.53,-10.83
C3Ib,9.70,24700.00,378.00,3776.00,1.37,-4.70,-1.53,-6.23
C3II,7.40,3570.00,144.00,3776.00,1.37,-2.60,-1.53,-4.13
C3III,5.20,357.00,45.50,3776.00,1.37,-0.10,-1.53,-1.63
C3IV,2.90,10.00,5.68,4373.00,1.14,3.10,-0.85,2.25
C3V,0.70,0.12,0.62,4373.00,1.14,7.90,-0.85,7.05
C3VI,0.60,0.09,0.54,4373.00,1.14,8.20,-0.85,7.35
C4Ia,12.60,429000.00,1860.00,3478.00,1.50,-7.30,-2.03,-9.33
C4Ia0,15.00,2710000.00,4670.00,3478.00,1.50,-9.30,-2.03,-11.33
C4Ib,10.20,42900.00,588.00,3478.00,1.50,-4.80,-2.03,-6.83
C4II,7.80,6200.00,223.00,3478.00,1.50,-2.70,-2.03,-4.73
C4III,5.40,680.00,74.00,3478.00,1.50,-0.30,-2.03,-2.33
C4IV,3.00,14.60,8.28,3978.00,1.29,3.10,-1.26,1.84
C4V,0.60,0.06,0.55,3978.00,1.29,9.00,-1.26,7.74
C4VI,0.50,0.06,0.55,3978.00,1.29,9.00,-1.26,7.74
C5Ia,13.20,783000.00,3000.00,3180.00,1.65,-7.30,-2.68,-9.98
C5Ia0,15.70,4940000.00,7550.00,3180.00,1.65,-9.30,-2.68,-11.98
C5Ib,10.60,94100.00,1040.00,3180.00,1.65,-5.00,-2.68,-7.68
C5II,8.10,11300.00,361.00,3180.00,1.65,-2.70,-2.68,-5.38
C5III,5.50,1490.00,131.00,3180.00,1.65,-0.50,-2.68,-3.18
C5IV,3.00,22.70,12.80,3582.00,1.46,3.20,-1.84,1.36
C5V,0.50,0.01,0.19,3582.00,1.46,12.30,-1.84,10.46
C5VI,0.40,0.03,0.49,3582.00,1.46,10.30,-1.84,8.46
C6Ia,12.40,1570000.00,5180.00,2883.00,1.80,-7.20,-3.54,-10.74
C6Ia0,14.80,10900000.00,13600.00,2883.00,1.80,-9.30,-3.54,-12.84
C6Ib,10.00,273000.00,2160.00,2883.00,1.80,-5.30,-3.54,-8.84
C6II,7.60,27300.00,683.00,2883.00,1.80,-2.80,-3.54,-6.34
C6III,5.20,3950.00,260.00,2883.00,1.80,-0.70,-3.54,-4.24
C6IV,2.80,48.60,23.60,3187.00,1.64,3.20,-2.67,0.53
C6V,0.40,0.00,0.12,3187.00,1.64,14.60,-2.67,11.93
C6VI,0.30,0.00,0.19,3187.00,1.64,13.70,-2.67,11.03
C7Ia,11.60,4120000.00,10400.00,2585.00,1.98,-7.10,-4.69,-11.79
C7Ia0,13.90,28500000.00,27400.00,2585.00,1.98,-9.20,-4.69,-13.89
C7Ib,9.30,861000.00,4770.00,2585.00,1.98,-5.40,-4.69,-10.09
C7II,7.10,86100.00,1510.00,2585.00,1.98,-2.90,-4.69,-7.59
C7III,4.80,9440.00,499.00,2585.00,1.98,-0.50,-4.69,-5.19
C7IV,2.50,146.00,53.30,2791.00,1.86,3.20,-3.86,-0.66
C7V,0.30,0.00,0.10,2791.00,1.86,16.80,-3.86,12.94
C7VI,0.30,0.00,0.10,2791.00,1.86,16.80,-3.86,12.94
C8Ia,10.80,15600000.00,25900.00,2288.00,2.17,-7.00,-6.23,-13.23
C8Ia0,12.90,108000000.00,68200.00,2288.00,2.17,-9.10,-6.23,-15.33
C8Ib,8.70,3260000.00,11800.00,2288.00,2.17,-5.30,-6.23,-11.53
C8II,6.60,358000.00,3920.00,2288.00,2.17,-2.90,-6.23,-9.13
C8III,4.40,29700.00,1130.00,2288.00,2.17,-0.20,-6.23,-6.43
C8IV,2.30,670.00,155.00,2396.00,2.10,3.30,-5.61,-2.31
C8V,0.20,0.00,0.19,2396.00,2.10,17.90,-5.61,12.29
C8VI,0.20,0.00,0.16,2396.00,2.10,18.30,-5.61,12.69
C9Ia,10.00,103000000.00,87900.00,1990.00,2.40,-6.90,-8.38,-15.28
C9Ia0,12.00,711000000.00,231000.00,1990.00,2.40,-9.00,-8.38,-17.38
C9Ib,8.00,21500000.00,40200.00,1990.00,2.40,-5.20,-8.38,-13.58
C9II,6.00,2830000.00,14600.00,1990.00,2.40,-3.00,-8.38,-11.38
C9III,4.10,179000.00,3670.00,1990.00,2.40,0.00,-8.38,-8.38
C9IV,2.10,7910.00,764.00,2000.00,2.39,3.30,-8.30,-5.00
C9V,0.10,0.00,0.55,2000.00,2.39,19.00,-8.30,10.70
C9VI,0.10,0.00,0.55,2000.00,2.39,19.00,-8.30,10.70
DA0,1.10,6.91,0.01,100000.00,-0.37,10.20,-7.55,2.65
DA1,0.90,0.27,0.01,50400.00,-0.35,10.80,-4.61,6.19
DA2,0.80,0.03,0.01,25200.00,-0.27,11.40,-2.67,8.73
DA3,0.70,0.01,0.01,16800.00,-0.20,11.90,-1.60,10.30
DA4,0.60,0.00,0.01,12600.00,-0.13,12.50,-0.90,11.60
DA5,0.50,0.00,0.01,10080.00,-0.07,13.10,-0.45,12.65
DA6,0.40,0.00,0.01,8400.00,0.09,13.70,-0.20,13.50
DA7,0.30,0.00,0.01,7200.00,0.34,14.20,-0.09,14.11
DA8,0.20,0.00,0.01,6300.00,0.55,14.80,-0.10,14.70
DA9,0.10,0.00,0.01,5600.00,0.74,15.40,-0.22,15.18
DB0,1.10,6.91,0.01,100000.00,-0.37,10.20,-7.55,2.65
DB1,0.90,0.27,0.01,50400.00,-0.35,10.80,-4.61,6.19
DB2,0.80,0.03,0.01,25200.00,-0.27,11.40,-2.67,8.73
DB3,0.70,0.01,0.01,16800.00,-0.20,11.90,-1.60,10.30
DB4,0.60,0.00,0.01,12600.00,-0.13,12.50,-0.90,11.60
DB5,0.50,0.00,0.01,10080.00,-0.07,13.10,-0.45,12.65
DB6,0.40,0.00,0.01,8400.00,0.09,13.70,-0.20,13.50
DB7,0.30,0.00,0.01,7200.00,0.34,14.20,-0.09,14.11
DB8,0.20,0.00,0.01,6300.00,0.55,14.80,-0.10,14.70
DB9,0.10,0.00,0.01,5600.00,0.74,15.40,-0.22,15.18
DC0,1.10,6.91,0.01,100000.00,-0.37,10.20,-7.55,2.65
DC1,0.90,0.27,0.01,50400.00,-0.35,10.80,-4.61,6.19
DC2,0.80,0.03,0.01,25200.00,-0.27,11.40,-2.67,8.73
DC3,0.70,0.01,0.01,16800.00,-0.20,11.90,-1.60,10.30
DC4,0.60,0.00,0.01,12600.00,-0.13,12.50,-0.90,11.60
DC5,0.50,0.00,0.01,10080.00,-0.07,13.10,-0.45,12.65
DC6,0.40,0.00,0.01,8400.00,0.09,13.70,-0.20,13.50
DC7,0.30,0.00,0.01,7200.00,0.34,14.20,-0.09,14.11
DC8,0.20,0.00,0.01,6300.00,0.55,14.80,-0.10,14.70
DC9,0.10,0.00,0.01,5600.00,0.74,15.40,-0.22,15.18
DO0,1.10,6.91,0.01,100000.00,-0.37,10.20,-7.55,2.65
DO1,0.90,0.27,0.01,50400.00,-0.35,10.80,-4.61,6.19
DO2,0.80,0.03,0.01,25200.00,-0.27,11.40,-2.67,8.73
DO3,0.70,0.01,0.01,16800.00,-0.20,11.90,-1.60,10.30
DO4,0.60,0.00,0.01,12600.00,-0.13,12.50,-0.90,11.60
DO5,0.50,0.00,0.01,10080.00,-0.07,13.10,-0.45,12.65
DO6,0.40,0.00,0.01,8400.00,0.09,13.70,-0.20,13.50
DO7,0.30,0.00,0.01,7200.00,0.34,14.20,-0.09,14.11
DO8,0.20,0.00,0.01,6300.00,0.55,14.80,-0.10,14.70
DO9,0.10,0.00,0.01,5600.00,0.74,15.40,-0.22,15.18
DQ0,1.10,6.91,0.01,100000.00,-0.37,10.20,-7.55,2.65
DQ1,0.90,0.27,0.01,50400.00,-0.35,10.80,-4.61,6.19
DQ2,0.80,0.03,0.01,25200.00,-0.27,11.40,-2.67,8.73
DQ3,0.70,0.01,0.01,16800.00,-0.20,11.90,-1.60,10.30
DQ4,0.60,0.00,0.01,12600.00,-0.13,12.50,-0.90,11.60
DQ5,0.50,0.00,0.01,10080.00,-0.07,13.10,-0.45,12.65
DQ6,0.40,0.00,0.01,8400.00,0.09,13.70,-0.20,13.50
DQ7,0.30,0.00,0.01,7200.00,0.34,14.20,-0.09,14.11
DQ8,0.20,0.00,0.01,6300.00,0.55,14.80,-0.10,14.70
DQ9,0.10,0.00,0.01,5600.00,0.74,15.40,-0.22,15.18
DZ0,1.10,6.91,0.01,100000.00,-0.37,10.20,-7.55,2.65
DZ1,0.90,0.27,0.01,50400.00,-0.35,10.80,-4.61,6.19
DZ2,0.80,0.03,0.01,25200.00,-0.27,11.40,-2.67,8.73
DZ3,0.70,0.01,0.01,16800.00,-0.20,11.90,-1.60,10.30
DZ4,0.60,0.00,0.01,12600.00,-0.13,12.50,-0.90,11.60
DZ5,0.50,0.00,0.01,10080.00,-0.07,13.10,-0.45,12.65
DZ6,0.40,0.00,0.01,8400.00,0.09,13.70,-0.20,13.50
DZ7,0.30,0.00,0.01,7200.00,0.34,14.20,-0.09,14.11
DZ8,0.20,0.00,0.01,6300.00,0.55,14.80,-0.10,14.70
DZ9,0.10,0.00,0.01,5600.00,0.74,15.40,-0.22,15.18
F0Ia,10.80,228000.00,258.00,7967.00,0.18,-8.50,-0.15,-8.65
F0Ia0,12.60,274000.00,283.00,7967.00,0.18,-8.70,-0.15,-8.85
F0Ib,8.90,9960.00,54.00,7967.00,0.18,-5.10,-0.15,-5.25
F0II,7.10,870.00,18.50,7400.00,0.30,-2.50,-0.10,-2.60
F0III,5.30,21.90,2.93,7400.00,0.30,1.50,-0.10,1.40
F0IV,3.40,11.50,2.12,7400.00,0.30,2.20,-0.10,2.10
F0V,1.60,7.94,1.77,7400.00,0.30,2.60,-0.10,2.50
F0VI,1.40,2.40,0.97,7400.00,0.30,3.90,-0.10,3.80
F1Ia,10.30,224000.00,269.00,7773.00,0.22,-8.50,-0.13,-8.63
F1Ia0,12.10,296000.00,309.00,7773.00,0.22,-8.80,-0.13,-8.93
F1Ib,8.60,9790.00,56.20,7773.00,0.22,-5.10,-0.13,-5.23
F1II,6.80,865.00,19.20,7260.00,0.33,-2.50,-0.09,-2.59
F1III,5.10,21.70,3.04,7260.00,0.33,1.50,-0.09,1.41
F1IV,3.30,12.50,2.30,7260.00,0.33,2.10,-0.09,2.01
F1V,1.60,6.56,1.67,7260.00,0.33,2.80,-0.09,2.71
F1VI,1.30,1.98,0.92,7260.00,0.33,4.10,-0.09,4.01
F2Ia,9.90,202000.00,268.00,7580.00,0.26,-8.40,-0.11,-8.51
F2Ia0,11.60,291000.00,323.00,7580.00,0.26,-8.80,-0.11,-8.91
F2Ib,8.20,8800.00,56.10,7580.00,0.26,-5.00,-0.11,-5.11
F2II,6.50,860.00,19.90,7120.00,0.36,-2.50,-0.09,-2.59
F2III,4.90,19.70,3.01,7120.00,0.36,1.60,-0.09,1.51
F2IV,3.20,14.90,2.62,7120.00,0.36,1.90,-0.09,1.81
F2V,1.50,5.95,1.65,7120.00,0.36,2.90,-0.09,2.81
F2VI,1.30,1.64,0.87,7120.00,0.36,4.30,-0.09,4.21
F3Ia,9.40,199000.00,281.00,7387.00,0.30,-8.40,-0.10,-8.50
F3Ia0,11.00,316000.00,354.00,7387.00,0.30,-8.90,-0.10,-9.00
F3Ib,7.90,8700.00,58.70,7387.00,0.30,-5.00,-0.10,-5.10
F3II,6.30,782.00,19.70,6980.00,0.39,-2.40,-0.08,-2.48
F3III,4.70,19.60,3.12,6980.00,0.39,1.60,-0.08,1.52
F3IV,3.10,16.30,2.85,6980.00,0.39,1.80,-0.08,1.72
F3V,1.50,4.94,1.57,6980.00,0.39,3.10,-0.08,3.02
F3VI,1.20,1.49,0.86,6980.00,0.39,4.40,-0.08,4.32
F4Ia,9.00,180000.00,282.00,7193.00,0.34,-8.30,-0.09,-8.39
F4Ia0,10.50,343000.00,389.00,7193.00,0.34,-9.00,-0.09,-9.09
F4Ib,7.50,7860.00,58.90,7193.00,0.34,-4.90,-0.09,-4.99
F4II,6.00,781.00,20.50,6840.00,0.42,-2.40,-0.08,-2.48
F4III,4.50,19.60,3.25,6840.00,0.42,1.60,-0.08,1.52
F4IV,3.00,19.60,3.25,6840.00,0.42,1.60,-0.08,1.52
F4V,1.40,4.50,1.56,6840.00,0.42,3.20,-0.08,3.12
F4VI,1.10,1.24,0.82,6840.00,0.42,4.60,-0.08,4.52
F5Ia,8.60,163000.00,283.00,7000.00,0.39,-8.20,-0.08,-8.28
F5Ia0,10.00,374000.00,429.00,7000.00,0.39,-9.10,-0.08,-9.18
F5Ib,7.10,7820.00,62.00,7000.00,0.39,-4.90,-0.08,-4.98
F5II,5.70,783.00,21.40,6700.00,0.46,-2.40,-0.08,-2.48
F5III,4.30,21.60,3.55,6700.00,0.46,1.50,-0.08,1.42
F5IV,2.80,21.60,3.55,6700.00,0.46,1.50,-0.08,1.42
F5V,1.40,3.75,1.48,6700.00,0.46,3.40,-0.08,3.32
F5VI,1.10,1.03,0.78,6700.00,0.46,4.80,-0.08,4.72
F6Ia,8.60,149000.00,290.00,6760.00,0.44,-8.10,-0.08,-8.18
F6Ia0,10.00,374000.00,460.00,6760.00,0.44,-9.10,-0.08,-9.18
F6Ib,7.10,7820.00,66.40,6760.00,0.44,-4.90,-0.08,-4.98
F6II,5.70,786.00,22.40,6560.00,0.49,-2.40,-0.09,-2.49
F6III,4.20,23.70,3.89,6560.00,0.49,1.40,-0.09,1.31
F6IV,2.80,16.40,3.23,6560.00,0.49,1.80,-0.09,1.71
F6V,1.30,3.13,1.41,6560.00,0.49,3.60,-0.09,3.51
F6VI,1.00,0.86,0.74,6560.00,0.49,5.00,-0.09,4.91
F7Ia,8.50,137000.00,299.00,6520.00,0.50,-8.00,-0.09,-8.09
F7Ia0,10.00,413000.00,519.00,6520.00,0.50,-9.20,-0.09,-9.29
F7Ib,7.10,7180.00,68.40,6520.00,0.50,-4.80,-0.09,-4.89
F7II,5.60,791.00,23.40,6420.00,0.52,-2.40,-0.10,-2.50
F7III,4.20,26.20,4.26,6420.00,0.52,1.30,-0.10,1.20
F7IV,2.70,12.50,2.95,6420.00,0.52,2.10,-0.10,2.00
F7V,1.30,2.62,1.35,6420.00,0.52,3.80,-0.10,3.70
F7VI,1.00,0.79,0.74,6420.00,0.52,5.10,-0.10,5.00
F8Ia,8.50,127000.00,310.00,6280.00,0.56,-7.90,-0.11,-8.01
F8Ia0,10.00,419000.00,564.00,6280.00,0.56,-9.20,-0.11,-9.31
F8Ib,7.10,7290.00,74.30,6280.00,0.56,-4.80,-0.11,-4.91
F8II,5.60,729.00,23.50,6280.00,0.56,-2.30,-0.11,-2.41
F8III,4.10,29.00,4.69,6280.00,0.56,1.20,-0.11,1.09
F8IV,2.70,10.50,2.83,6280.00,0.56,2.30,-0.11,2.19
F8V,1.20,2.41,1.35,6280.00,0.56,3.90,-0.11,3.79
F8VI,1.00,0.67,0.71,6280.00,0.56,5.30,-0.11,5.19
F9Ia,8.50,130000.00,343.00,6011.00,0.63,-7.90,-0.14,-8.04
F9Ia0,10.00,473000.00,654.00,6011.00,0.63,-9.30,-0.14,-9.44
F9Ib,7.00,6840.00,78.60,6011.00,0.63,-4.70,-0.14,-4.84
F9II,5.60,739.00,24.80,6140.00,0.60,-2.30,-0.12,-2.42
F9III,4.10,32.20,5.17,6140.00,0.60,1.10,-0.12,0.98
F9IV,2.60,8.10,2.59,6140.00,0.60,2.60,-0.12,2.48
F9V,1.10,2.03,1.30,6140.00,0.60,4.10,-0.12,3.98
F9VI,0.90,0.61,0.71,6140.00,0.60,5.40,-0.12,5.28
G0Ia,6.30,124000.00,367.00,5743.00,0.70,-7.80,-0.19,-7.99
G0Ia0,10.00,495000.00,732.00,5743.00,0.70,-9.30,-0.19,-9.49
G0Ib,2.50,7150.00,88.10,5743.00,0.70,-4.70,-0.19,-4.89
G0II,2.10,784.00,29.20,5743.00,0.70,-2.30,-0.19,-2.49
G0III,1.80,37.50,6.38,5743.00,0.70,1.00,-0.19,0.81
G0IV,1.40,6.25,2.38,6000.00,0.63,2.90,-0.14,2.76
G0V,1.10,1.72,1.25,6000.00,0.63,4.30,-0.14,4.16
G0VI,0.90,0.52,0.69,6000.00,0.63,5.60,-0.14,5.46
G1Ia,6.60,132000.00,417.00,5474.00,0.78,-7.80,-0.25,-8.05
G1Ia0,10.50,527000.00,832.00,5474.00,0.78,-9.30,-0.25,-9.55
G1Ib,2.60,7620.00,100.00,5474.00,0.78,-4.70,-0.25,-4.95
G1II,2.20,835.00,33.10,5474.00,0.78,-2.30,-0.25,-2.55
G1III,1.80,43.80,7.59,5474.00,0.78,0.90,-0.25,0.65
G1IV,1.40,6.35,2.50,5890.00,0.66,2.90,-0.16,2.74
G1V,1.00,1.46,1.19,5890.00,0.66,4.50,-0.16,4.34
G1VI,0.90,0.44,0.66,5890.00,0.66,5.80,-0.16,5.64
G2Ia,6.90,131000.00,459.00,5206.00,0.86,-7.70,-0.35,-8.05
G2Ia0,11.00,573000.00,959.00,5206.00,0.86,-9.30,-0.35,-9.65
G2Ib,2.80,8290.00,115.00,5206.00,0.86,-4.70,-0.35,-5.05
G2II,2.30,909.00,38.20,5206.00,0.86,-2.30,-0.35,-2.65
G2III,1.90,52.30,9.16,5206.00,0.86,0.80,-0.35,0.45
G2IV,1.40,6.48,2.62,5780.00,0.69,2.90,-0.18,2.72
G2V,1.00,1.23,1.14,5780.00,0.69,4.70,-0.18,4.52
G2VI,0.90,0.37,0.63,5780.00,0.69,6.00,-0.18,5.82
G3Ia,7.20,147000.00,540.00,4937.00,0.94,-7.70,-0.47,-8.17
G3Ia0,11.50,703000.00,1180.00,4937.00,0.94,-9.40,-0.47,-9.87
G3Ib,2.90,8460.00,130.00,4937.00,0.94,-4.60,-0.47,-5.07
G3II,2.40,1110.00,47.00,4937.00,0.94,-2.40,-0.47,-2.87
G3III,1.90,70.30,11.80,4937.00,0.94,0.60,-0.47,0.13
G3IV,1.50,6.04,2.63,5670.00,0.72,3.00,-0.20,2.80
G3V,1.00,1.15,1.15,5670.00,0.72,4.80,-0.20,4.60
G3VI,0.80,0.35,0.63,5670.00,0.72,6.10,-0.20,5.90
G4Ia,7.50,170000.00,649.00,4669.00,1.03,-7.70,-0.62,-8.32
G4Ia0,12.00,813000.00,1420.00,4669.00,1.03,-9.40,-0.62,-10.02
G4Ib,3.00,9770.00,156.00,4669.00,1.03,-4.60,-0.62,-5.22
G4II,2.50,1290.00,56.50,4669.00,1.03,-2.40,-0.62,-3.02
G4III,2.00,89.10,14.90,4669.00,1.03,0.50,-0.62,-0.12
G4IV,1.50,6.20,2.76,5560.00,0.75,3.00,-0.23,2.77
G4V,0.90,0.98,1.10,5560.00,0.75,5.00,-0.23,4.77
G4VI,0.80,0.30,0.61,5560.00,0.75,6.30,-0.23,6.07
G5Ia,7.80,186000.00,766.00,4400.00,1.13,-7.60,-0.83,-8.43
G5Ia0,12.50,1070000.00,1840.00,4400.00,1.13,-9.50,-0.83,-10.33
G5Ib,3.20,11800.00,192.00,4400.00,1.13,-4.60,-0.83,-5.43
G5II,2.60,1550.00,69.90,4400.00,1.13,-2.40,-0.83,-3.23
G5III,2.00,118.00,19.20,4400.00,1.13,0.40,-0.83,-0.43
G5IV,1.50,6.38,2.92,5450.00,0.79,3.00,-0.26,2.74
G5V,0.90,0.84,1.06,5450.00,0.79,5.20,-0.26,4.94
G5VI,0.80,0.25,0.58,5450.00,0.79,6.50,-0.26,6.24
G6Ia,7.90,195000.00,804.00,4343.00,1.15,-7.60,-0.88,-8.48
G6Ia0,12.50,1120000.00,1930.00,4343.00,1.15,-9.50,-0.88,-10.38
G6Ib,3.30,12300.00,202.00,4343.00,1.15,-4.60,-0.88,-5.48
G6II,2.70,1620.00,73.30,4343.00,1.15,-2.40,-0.88,-3.28
G6III,2.10,123.00,20.20,4343.00,1.15,0.40,-0.88,-0.48
G6IV,1.50,6.59,3.09,5340.00,0.82,3.00,-0.30,2.70
G6V,0.90,0.79,1.07,5340.00,0.82,5.30,-0.30,5.00
G6VI,0.80,0.22,0.56,5340.00,0.82,6.70,-0.30,6.40
G7Ia,8.00,205000.00,846.00,4286.00,1.17,-7.60,-0.93,-8.53
G7Ia0,12.50,1180000.00,2030.00,4286.00,1.17,-9.50,-0.93,-10.43
G7Ib,3.50,12900.00,212.00,4286.00,1.17,-4.60,-0.93,-5.53
G7II,2.80,1700.00,77.10,4286.00,1.17,-2.40,-0.93,-3.33
G7III,2.20,129.00,21.20,4286.00,1.17,0.40,-0.93,-0.53
G7IV,1.50,6.84,3.28,5230.00,0.85,3.00,-0.34,2.66
G7V,0.90,0.68,1.04,5230.00,0.85,5.50,-0.34,5.16
G7VI,0.70,0.21,0.57,5230.00,0.85,6.80,-0.34,6.46
G8Ia,8.10,196000.00,851.00,4229.00,1.19,-7.50,-0.98,-8.48
G8Ia0,12.50,1130000.00,2040.00,4229.00,1.19,-9.40,-0.98,-10.38
G8Ib,3.60,14900.00,234.00,4229.00,1.19,-4.70,-0.98,-5.68
G8II,2.90,1960.00,85.10,4229.00,1.19,-2.50,-0.98,-3.48
G8III,2.20,124.00,21.40,4229.00,1.19,0.50,-0.98,-0.48
G8IV,1.50,6.50,3.34,5120.00,0.89,3.10,-0.38,2.72
G8V,0.80,0.65,1.06,5120.00,0.89,5.60,-0.38,5.22
G8VI,0.70,0.18,0.55,5120.00,0.89,7.00,-0.38,6.62
G9Ia,8.10,207000.00,898.00,4171.00,1.21,-7.50,-1.04,-8.54
G9Ia0,12.50,1190000.00,2160.00,4171.00,1.21,-9.40,-1.04,-10.44
G9Ib,3.80,15700.00,247.00,4171.00,1.21,-4.70,-1.04,-5.74
G9II,3.00,2070.00,89.80,4171.00,1.21,-2.50,-1.04,-3.54
G9III,2.30,131.00,22.60,4171.00,1.21,0.50,-1.04,-0.54
G9IV,1.60,6.80,3.57,5010.00,0.92,3.10,-0.43,2.67
G9V,0.80,0.57,1.03,5010.00,0.92,5.80,-0.43,5.37
G9VI,0.70,0.17,0.57,5010.00,0.92,7.10,-0.43,6.67
K0Ia,8.20,219000.00,950.00,4114.00,1.24,-7.50,-1.10,-8.60
K0Ia0,12.50,1260000.00,2280.00,4114.00,1.24,-9.40,-1.10,-10.50
K0Ib,3.90,16600.00,262.00,4114.00,1.24,-4.70,-1.10,-5.80
K0II,3.10,2190.00,95.00,4114.00,1.24,-2.50,-1.10,-3.60
K0III,2.30,138.00,23.90,4114.00,1.24,0.50,-1.10,-0.60
K0IV,1.60,7.16,3.83,4900.00,0.96,3.10,-0.49,2.61
K0V,0.80,0.54,1.05,4900.00,0.96,5.90,-0.49,5.41
K0VI,0.70,0.15,0.55,4900.00,0.96,7.30,-0.49,6.81
K1Ia,8.30,212000.00,960.00,4057.00,1.26,-7.40,-1.17,-8.57
K1Ia0,12.50,1220000.00,2300.00,4057.00,1.26,-9.30,-1.17,-10.47
K1Ib,4.10,17600.00,277.00,4057.00,1.26,-4.70,-1.17,-5.87
K1II,3.30,2320.00,101.00,4057.00,1.26,-2.50,-1.17,-3.67
K1III,2.40,161.00,26.40,4057.00,1.26,0.40,-1.17,-0.77
K1IV,1.60,7.71,4.21,4760.00,1.00,3.10,-0.57,2.53
K1V,0.80,0.44,1.01,4760.00,1.00,6.20,-0.57,5.63
K1VI,0.60,0.13,0.56,4760.00,1.00,7.50,-0.57,6.93
K2Ia,8.80,225000.00,1020.00,4000.00,1.28,-7.40,-1.23,-8.63
K2Ia0,13.30,1300000.00,2440.00,4000.00,1.28,-9.30,-1.23,-10.53
K2Ib,4.30,20600.00,308.00,4000.00,1.28,-4.80,-1.23,-6.03
K2II,3.40,2470.00,107.00,4000.00,1.28,-2.50,-1.23,-3.73
K2III,2.50,206.00,30.80,4000.00,1.28,0.20,-1.23,-1.03
K2IV,1.60,8.38,4.66,4620.00,1.05,3.10,-0.66,2.44
K2V,0.70,0.40,1.02,4620.00,1.05,6.40,-0.66,5.74
K2VI,0.60,0.12,0.56,4620.00,1.05,7.70,-0.66,7.04
K3Ia,9.40,253000.00,1140.00,3900.00,1.32,-7.40,-1.36,-8.76
K3Ia0,14.20,1460000.00,2720.00,3900.00,1.32,-9.30,-1.36,-10.66
K3Ib,4.60,25300.00,359.00,3900.00,1.32,-4.90,-1.36,-6.26
K3II,3.60,2770.00,119.00,3900.00,1.32,-2.50,-1.36,-3.86
K3III,2.60,253.00,35.90,3900.00,1.32,0.10,-1.36,-1.26
K3IV,1.70,9.22,5.19,4480.00,1.10,3.10,-0.76,2.34
K3V,0.70,0.34,0.99,4480.00,1.10,6.70,-0.76,5.94
K3VI,0.60,0.10,0.54,4480.00,1.10,8.00,-0.76,7.24
K4Ia,9.90,262000.00,1220.00,3800.00,1.36,-7.30,-1.50,-8.80
K4Ia0,15.00,1650000.00,3060.00,3800.00,1.36,-9.30,-1.50,-10.80
K4Ib,4.80,31500.00,422.00,3800.00,1.36,-5.00,-1.50,-6.50
K4II,3.80,3150.00,133.00,3800.00,1.36,-2.50,-1.50,-4.00
K4III,2.70,345.00,44.20,3800.00,1.36,-0.10,-1.50,-1.60
K4IV,1.70,10.30,5.84,4340.00,1.15,3.10,-0.88,2.22
K4V,0.70,0.31,1.02,4340.00,1.15,6.90,-0.88,6.02
K4VI,0.50,0.09,0.56,4340.00,1.15,8.20,-0.88,7.32
K5Ia,10.40,301000.00,1380.00,3700.00,1.41,-7.30,-1.65,-8.95
K5Ia0,15.80,1900000.00,3460.00,3700.00,1.41,-9.30,-1.65,-10.95
K5Ib,5.00,39600.00,499.00,3700.00,1.41,-5.10,-1.65,-6.75
K5II,3.90,3620.00,151.00,3700.00,1.41,-2.50,-1.65,-4.15
K5III,2.80,435.00,52.30,3700.00,1.41,-0.20,-1.65,-1.85
K5IV,1.80,10.60,6.33,4200.00,1.20,3.20,-1.01,2.19
K5V,0.70,0.27,1.00,4200.00,1.20,7.20,-1.01,6.19
K5VI,0.50,0.09,0.58,4200.00,1.20,8.40,-1.01,7.39
K6Ia,10.60,294000.00,1350.00,3717.00,1.40,-7.30,-1.62,-8.92
K6Ia0,15.80,1850000.00,3380.00,3717.00,1.40,-9.30,-1.62,-10.92
K6Ib,5.30,42400.00,512.00,3717.00,1.40,-5.20,-1.62,-6.82
K6II,4.20,3530.00,148.00,3717.00,1.40,-2.50,-1.62,-4.12
K6III,3.00,465.00,53.60,3717.00,1.40,-0.30,-1.62,-1.92
K6IV,1.80,12.20,7.26,4060.00,1.26,3.20,-1.16,2.04
K6V,0.60,0.21,0.96,4060.00,1.26,7.60,-1.16,6.44
K6VI,0.50,0.08,0.58,4060.00,1.26,8.70,-1.16,7.54
K7Ia,10.70,262000.00,1260.00,3733.00,1.39,-7.20,-1.59,-8.79
K7Ia0,15.80,1810000.00,3320.00,3733.00,1.39,-9.30,-1.59,-10.89
K7Ib,5.70,45500.00,526.00,3733.00,1.39,-5.30,-1.59,-6.89
K7II,4.40,3450.00,145.00,3733.00,1.39,-2.50,-1.59,-4.09
K7III,3.10,499.00,55.00,3733.00,1.39,-0.40,-1.59,-1.99
K7IV,1.90,14.20,8.43,3920.00,1.31,3.20,-1.33,1.87
K7V,0.60,0.19,0.97,3920.00,1.31,7.90,-1.33,6.57
K7VI,0.40,0.07,0.58,3920.00,1.31,9.00,-1.33,7.67
K8Ia,10.90,256000.00,1230.00,3750.00,1.38,-7.20,-1.57,-8.77
K8Ia0,15.80,1770000.00,3250.00,3750.00,1.38,-9.30,-1.57,-10.87
K8Ib,6.00,44400.00,515.00,3750.00,1.38,-5.30,-1.57,-6.87
K8II,4.60,3690.00,148.00,3750.00,1.38,-2.60,-1.57,-4.17
K8III,3.30,534.00,56.40,3750.00,1.38,-0.50,-1.57,-2.07
K8IV,1.90,17.00,9.90,3780.00,1.37,3.20,-1.52,1.68
K8V,0.60,0.16,0.95,3780.00,1.37,8.30,-1.52,6.78
K8VI,0.30,0.06,0.57,3780.00,1.37,9.40,-1.52,7.88
K9Ia,11.10,265000.00,1270.00,3725.00,1.39,-7.20,-1.61,-8.81
K9Ia0,15.80,1830000.00,3350.00,3725.00,1.39,-9.30,-1.61,-10.91
K9Ib,6.30,50400.00,556.00,3725.00,1.39,-5.40,-1.61,-7.01
K9II,4.90,3830.00,153.00,3725.00,1.39,-2.60,-1.61,-4.21
K9III,3.40,606.00,60.90,3725.00,1.39,-0.60,-1.61,-2.21
K9IV,2.00,20.70,11.80,3640.00,1.43,3.20,-1.74,1.46
K9V,0.50,0.14,0.98,3640.00,1.43,8.60,-1.74,6.86
K9VI,0.30,0.04,0.54,3640.00,1.43,9.90,-1.74,8.16
M0Ia,13.30,274000.00,1310.00,3700.00,1.41,-7.20,-1.65,-8.85
M0Ia0,15.80,1900000.00,3460.00,3700.00,1.41,-9.30,-1.65,-10.95
M0Ib,10.70,57300.00,600.00,3700.00,1.41,-5.50,-1.65,-7.15
M0II,8.20,3960.00,158.00,3700.00,1.41,-2.60,-1.65,-4.25
M0III,5.60,689.00,65.80,3700.00,1.41,-0.70,-1.65,-2.35
M0IV,3.10,26.00,14.30,3500.00,1.49,3.20,-1.99,1.21
M0V,0.50,0.13,0.99,3500.00,1.49,9.00,-1.99,7.01
M0VI,0.20,0.04,0.54,3500.00,1.49,10.30,-1.99,8.31
M1Ia,12.70,337000.00,1620.00,3510.00,1.49,-7.10,-1.97,-9.07
M1Ia0,15.10,2560000.00,4460.00,3510.00,1.49,-9.30,-1.97,-11.27
M1Ib,10.20,77300.00,775.00,3510.00,1.49,-5.50,-1.97,-7.47
M1II,7.80,5860.00,213.00,3510.00,1.49,-2.70,-1.97,-4.67
M1III,5.30,929.00,85.00,3510.00,1.49,-0.70,-1.97,-2.67
M1IV,2.90,35.50,18.40,3333.00,1.57,3.20,-2.33,0.87
M1V,0.50,0.06,0.77,3333.00,1.57,10.10,-2.33,7.77
M1VI,0.20,0.02,0.42,3333.00,1.57,11.40,-2.33,9.07
M2Ia,12.10,481000.00,2160.00,3320.00,1.58,-7.10,-2.36,-9.46
M2Ia0,14.50,3650000.00,5950.00,3320.00,1.58,-9.30,-2.36,-11.66
M2Ib,9.80,110000.00,1030.00,3320.00,1.58,-5.50,-2.36,-7.86
M2II,7.40,8360.00,285.00,3320.00,1.58,-2.70,-2.36,-5.06
M2III,5.10,1210.00,108.00,3320.00,1.58,-0.60,-2.36,-2.96
M2IV,2.70,50.90,24.40,3167.00,1.65,3.20,-2.72,0.48
M2V,0.40,0.03,0.61,3167.00,1.65,11.20,-2.72,8.48
M2VI,0.20,0.01,0.32,3167.00,1.65,12.60,-2.72,9.88
M3Ia,11.60,733000.00,3000.00,3130.00,1.67,-7.10,-2.81,-9.91
M3Ia0,13.80,5070000.00,7890.00,3130.00,1.67,-9.20,-2.81,-12.01
M3Ib,9.30,168000.00,1440.00,3130.00,1.67,-5.50,-2.81,-8.31
M3II,7.10,14000.00,414.00,3130.00,1.67,-2.80,-2.81,-5.61
M3III,4.80,1840.00,150.00,3130.00,1.67,-0.60,-2.81,-3.41
M3IV,2.60,77.60,33.60,3000.00,1.74,3.20,-3.18,0.02
M3V,0.30,0.02,0.51,3000.00,1.74,12.30,-3.18,9.12
M3VI,0.20,0.00,0.27,3000.00,1.74,13.70,-3.18,10.52
M4Ia,11.00,1100000.00,4180.00,2940.00,1.77,-7.00,-3.36,-10.36
M4Ia0,13.20,8380000.00,11500.00,2940.00,1.77,-9.20,-3.36,-12.56
M4Ib,8.90,277000.00,2090.00,2940.00,1.77,-5.50,-3.36,-8.86
M4II,6.70,23100.00,604.00,2940.00,1.77,-2.80,-3.36,-6.16
M4III,4.60,2770.00,209.00,2940.00,1.77,-0.50,-3.36,-3.86
M4IV,2.40,127.00,48.30,2833.00,1.83,3.20,-3.71,-0.51
M4V,0.30,0.01,0.44,2833.00,1.83,13.40,-3.71,9.69
M4VI,0.10,0.00,0.22,2833.00,1.83,14.90,-3.71,11.19
M5Ia,10.50,2020000.00,6450.00,2750.00,1.88,-7.00,-4.01,-11.01
M5Ia0,12.50,15300000.00,17800.00,2750.00,1.88,-9.20,-4.01,-13.21
M5Ib,8.40,507000.00,3230.00,2750.00,1.88,-5.50,-4.01,-9.51
M5II,6.40,46200.00,976.00,2750.00,1.88,-2.90,-4.01,-6.91
M5III,4.30,5070.00,323.00,2750.00,1.88,-0.50,-4.01,-4.51
M5IV,2.30,207.00,69.40,2667.00,1.93,3.30,-4.34,-1.04
M5V,0.20,0.01,0.38,2667.00,1.93,14.60,-4.34,10.26
M5VI,0.10,0.00,0.20,2667.00,1.93,16.00,-4.34,11.66
M6Ia,10.30,4170000.00,10700.00,2560.00,2.00,-7.00,-4.80,-11.80
M6Ia0,12.40,28800000.00,28100.00,2560.00,2.00,-9.10,-4.80,-13.90
M6Ib,8.30,955000.00,5120.00,2560.00,2.00,-5.40,-4.80,-10.20
M6II,6.30,95500.00,1620.00,2560.00,2.00,-2.90,-4.80,-7.70
M6III,4.20,9550.00,512.00,2560.00,2.00,-0.40,-4.80,-5.20
M6IV,2.20,410.00,111.00,2500.00,2.03,3.30,-5.08,-1.78
M6V,0.20,0.00,0.37,2500.00,2.03,15.70,-5.08,10.62
M6VI,0.10,0.00,0.22,2500.00,2.03,16.80,-5.08,11.72
M7Ia,10.20,9180000.00,18500.00,2370.00,2.12,-6.90,-5.76,-12.66
M7Ia0,12.30,69600000.00,51000.00,2370.00,2.12,-9.10,-5.76,-14.86
M7Ib,8.20,2100000.00,8870.00,2370.00,2.12,-5.30,-5.76,-11.06
M7II,6.20,253000.00,3070.00,2370.00,2.12,-3.00,-5.76,-8.76
M7III,4.20,21000.00,887.00,2370.00,2.12,-0.30,-5.76,-6.06
M7IV,2.10,926.00,192.00,2333.00,2.14,3.30,-5.97,-2.67
M7V,0.10,0.00,0.38,2333.00,2.14,16.80,-5.97,10.83
M7VI,0.10,0.00,0.28,2333.00,2.14,17.50,-5.97,11.53
M8Ia,10.10,27000000.00,37600.00,2180.00,2.25,-6.90,-6.93,-13.83
M8Ia0,12.10,205000000.00,103000.00,2180.00,2.25,-9.10,-6.93,-16.03
M8Ib,8.10,5150000.00,16400.00,2180.00,2.25,-5.10,-6.93,-12.03
M8II,6.10,744000.00,6230.00,2180.00,2.25,-3.00,-6.93,-9.93
M8III,4.10,51500.00,1640.00,2180.00,2.25,-0.10,-6.93,-7.03
M8IV,2.10,2440.00,361.00,2167.00,2.26,3.30,-7.02,-3.72
M8V,0.10,0.00,0.43,2167.00,2.26,17.90,-7.02,10.88
M8VI,0.10,0.00,0.36,2167.00,2.26,18.30,-7.02,11.28
M9Ia,10.00,103000000.00,87900.00,1990.00,2.40,-6.90,-8.38,-15.28
M9Ia0,12.00,711000000.00,231000.00,1990.00,2.40,-9.00,-8.38,-17.38
M9Ib,8.00,17900000.00,36700.00,1990.00,2.40,-5.00,-8.38,-13.38
M9II,6.00,2830000.00,14600.00,1990.00,2.40,-3.00,-8.38,-11.38
M9III,4.10,179000.00,3670.00,1990.00,2.40,0.00,-8.38,-8.38
M9IV,2.10,7910.00,764.00,2000.00,2.39,3.30,-8.30,-5.00
M9V,0.10,0.00,0.55,2000.00,2.39,19.00,-8.30,10.70
M9VI,0.10,0.00,0.55,2000.00,2.39,19.00,-8.30,10.70
N0Ia,13.30,274000.00,1310.00,3700.00,1.41,-7.20,-1.65,-8.85
N0Ia0,15.80,1900000.00,3460.00,3700.00,1.41,-9.30,-1.65,-10.95
N0Ib,10.70,57300.00,600.00,3700.00,1.41,-5.50,-1.65,-7.15
N0II,8.20,3960.00,158.00,3700.00,1.41,-2.60,-1.65,-4.25
N0III,5.60,689.00,65.80,3700.00,1.41,-0.70,-1.65,-2.35
N0IV,3.10,26.00,14.30,3500.00,1.49,3.20,-1.99,1.21
N0V,0.50,0.13,0.99,3500.00,1.49,9.00,-1.99,7.01
N0VI,0.20,0.04,0.54,3500.00,1.49,10.30,-1.99,8.31
N1Ia,12.70,337000.00,1620.00,3510.00,1.49,-7.10,-1.97,-9.07
N1Ia0,15.10,2560000.00,4460.00,3510.00,1.49,-9.30,-1.97,-11.27
N1Ib,10.20,77300.00,775.00,3510.00,1.49,-5.50,-1.97,-7.47
N1II,7.80,5860.00,213.00,3510.00,1.49,-2.70,-1.97,-4.67
N1III,5.30,929.00,85.00,3510.00,1.49,-0.70,-1.97,-2.67
N1IV,2.90,35.50,18.40,3333.00,1.57,3.20,-2.33,0.87
N1V,0.50,0.06,0.77,3333.00,1.57,10.10,-2.33,7.77
N1VI,0.20,0.02,0.42,3333.00,1.57,11.40,-2.33,9.07
N2Ia,12.10,481000.00,2160.00,3320.00,1.58,-7.10,-2.36,-9.46
N2Ia0,14.50,3650000.00,5950.00,3320.00,1.58,-9.30,-2.36,-11.66
N2Ib,9.80,110000.00,1030.00,3320.00,1.58,-5.50,-2.36,-7.86
N2II,7.40,8360.00,285.00,3320.00,1.58,-2.70,-2.36,-5.06
N2III,5.10,1210.00,108.00,3320.00,1.58,-0.60,-2.36,-2.96
N2IV,2.70,50.90,24.40,3167.00,1.65,3.20,-2.72,0.48
N2V,0.40,0.03,0.61,3167.00,1.65,11.20,-2.72,8.48
N2VI,0.20,0.01,0.32,3167.00,1.65,12.60,-2.72,9.88
N3Ia,11.60,733000.00,3000.00,3130.00,1.67,-7.10,-2.81,-9.91
N3Ia0,13.80,5070000.00,7890.00,3130.00,1.67,-9.20,-2.81,-12.01
N3Ib,9.30,168000.00,1440.00,3130.00,1.67,-5.50,-2.81,-8.31
N3II,7.10,14000.00,414.00,3130.00,1.67,-2.80,-2.81,-5.61
N3III,4.80,1840.00,150.00,3130.00,1.67,-0.60,-2.81,-3.41
N3IV,2.60,77.60,33.60,3000.00,1.74,3.20,-3.18,0.02
N3V,0.30,0.02,0.51,3000.00,1.74,12.30,-3.18,9.12
N3VI,0.20,0.00,0.27,3000.00,1.74,13.70,-3.18,10.52
N4Ia,11.00,1100000.00,4180.00,2940.00,1.77,-7.00,-3.36,-10.36
N4Ia0,13.20,8380000.00,11500.00,2940.00,1.77,-9.20,-3.36,-12.56
N4Ib,8.90,277000.00,2090.00,2940.00,1.77,-5.50,-3.36,-8.86
N4II,6.70,23100.00,604.00,2940.00,1.77,-2.80,-3.36,-6.16
N4III,4.60,2770.00,209.00,2940.00,1.77,-0.50,-3.36,-3.86
N4IV,2.40,127.00,48.30,2833.00,1.83,3.20,-3.71,-0.51
N4V,0.30,0.01,0.44,2833.00,1.83,13.40,-3.71,9.69
N4VI,0.10,0.00,0.22,2833.00,1.83,14.90,-3.71,11.19
N5Ia,10.50,2020000.00,6450.00,2750.00,1.88,-7.00,-4.01,-11.01
N5Ia0,12.50,15300000.00,17800.00,2750.00,1.88,-9.20,-4.01,-13.21
N5Ib,8.40,507000.00,3230.00,2750.00,1.88,-5.50,-4.01,-9.51
N5II,6.40,46200.00,976.00,2750.00,1.88,-2.90,-4.01,-6.91
N5III,4.30,5070.00,323.00,2750.00,1.88,-0.50,-4.01,-4.51
N5IV,2.30,207.00,69.40,2667.00,1.93,3.30,-4.34,-1.04
N5V,0.20,0.01,0.38,2667.00,1.93,14.60,-4.34,10.26
N5VI,0.10,0.00,0.20,2667.00,1.93,16.00,-4.34,11.66
N6Ia,10.30,4170000.00,10700.00,2560.00,2.00,-7.00,-4.80,-11.80
N6Ia0,12.40,28800000.00,28100.00,2560.00,2.00,-9.10,-4.80,-13.90
N6Ib,8.30,955000.00,5120.00,2560.00,2.00,-5.40,-4.80,-10.20
N6II,6.30,95500.00,1620.00,2560.00,2.00,-2.90,-4.80,-7.70
N6III,4.20,9550.00,512.00,2560.00,2.00,-0.40,-4.80,-5.20
N6IV,2.20,410.00,111.00,2500.00,2.03,3.30,-5.08,-1.78
N6V,0.20,0.00,0.37,2500.00,2.03,15.70,-5.08,10.62
N6VI,0.10,0.00,0.22,2500.00,2.03,16.80,-5.08,11.72
N7Ia,10.20,9180000.00,18500.00,2370.00,2.12,-6.90,-5.76,-12.66
N7Ia0,12.30,69600000.00,51000.00,2370.00,2.12,-9.10,-5.76,-14.86
N7Ib,8.20,2100000.00,8870.00,2370.00,2.12,-5.30,-5.76,-11.06
N7II,6.20,253000.00,3070.00,2370.00,2.12,-3.00,-5.76,-8.76
N7III,4.20,21000.00,887.00,2370.00,2.12,-0.30,-5.76,-6.06
N7IV,2.10,926.00,192.00,2333.00,2.14,3.30,-5.97,-2.67
N7V,0.10,0.00,0.38,2333.00,2.14,16.80,-5.97,10.83
N7VI,0.10,0.00,0.28,2333.00,2.14,17.50,-5.97,11.53
N8Ia,10.10,27000000.00,37600.00,2180.00,2.25,-6.90,-6.93,-13.83
N8Ia0,12.10,205000000.00,103000.00,2180.00,2.25,-9.10,-6.93,-16.03
N8Ib,8.10,5150000.00,16400.00,2180.00,2.25,-5.10,-6.93,-12.03
N8II,6.10,744000.00,6230.00,2180.00,2.25,-3.00,-6.93,-9.93
N8III,4.10,51500.00,1640.00,2180.00,2.25,-0.10,-6.93,-7.03
N8IV,2.10,2440.00,361.00,2167.00,2.26,3.30,-7.02,-3.72
N8V,0.10,0.00,0.43,2167.00,2.26,17.90,-7.02,10.88
N8VI,0.10,0.00,0.36,2167.00,2.26,18.30,-7.02,11.28
N9Ia,10.00,103000000.00,87900.00,1990.00,2.40,-6.90,-8.38,-15.28
N9Ia0,12.00,711000000.00,231000.00,1990.00,2.40,-9.00,-8.38,-17.38
N9Ib,8.00,17900000.00,36700.00,1990.00,2.40,-5.00,-8.38,-13.38
N9II,6.00,2830000.00,14600.00,1990.00,2.40,-3.00,-8.38,-11.38
N9III,4.10,179000.00,3670.00,1990.00,2.40,0.00,-8.38,-8.38
N9IV,2.10,7910.00,764.00,2000.00,2.39,3.30,-8.30,-5.00
N9V,0.10,0.00,0.55,2000.00,2.39,19.00,-8.30,10.70
N9VI,0.10,0.00,0.55,2000.00,2.39,19.00,-8.30,10.70
O0Ia,150.00,2590000.00,22.10,50000.00,-0.35,-6.70,-4.58,-11.28
O0Ia0,160.00,34100000.00,80.20,50000.00,-0.35,-9.50,-4.58,-14.08
O0Ib,140.00,2150000.00,20.20,50000.00,-0.35,-6.50,-4.58,-11.08
O0II,130.00,2150000.00,20.20,50000.00,-0.35,-6.50,-4.58,-11.08
O0III,120.00,2150000.00,20.20,50000.00,-0.35,-6.50,-4.58,-11.08
O0IV,110.00,1360000.00,16.00,50000.00,-0.35,-6.00,-4.58,-10.58
O0V,100.00,1240000.00,15.30,50000.00,-0.35,-5.90,-4.58,-10.48
O0VI,60.00,940000.00,13.30,50000.00,-0.35,-5.60,-4.58,-10.18
O1Ia,149.30,2250000.00,22.70,47600.00,-0.35,-6.70,-4.43,-11.13
O1Ia0,159.70,27100000.00,78.80,47600.00,-0.35,-9.40,-4.43,-13.83
O1Ib,139.00,1870000.00,20.70,47600.00,-0.35,-6.50,-4.43,-10.93
O1II,128.60,1730000.00,19.80,47800.00,-0.35,-6.40,-4.44,-10.84
O1III,118.20,1580000.00,18.90,47800.00,-0.35,-6.30,-4.44,-10.74
O1IV,107.90,1090000.00,15.70,47800.00,-0.35,-5.90,-4.44,-10.34
O1V,97.50,994000.00,15.00,47800.00,-0.35,-5.80,-4.44,-10.24
O1VI,37.00,754000.00,13.10,47800.00,-0.35,-5.50,-4.44,-9.94
O2Ia,148.60,2140000.00,24.60,45200.00,-0.35,-6.80,-4.28,-11.08
O2Ia0,159.40,21400000.00,77.70,45200.00,-0.35,-9.30,-4.28,-13.58
O2Ib,137.90,1620000.00,21.40,45200.00,-0.35,-6.50,-4.28,-10.78
O2II,127.20,1520000.00,20.30,45600.00,-0.35,-6.40,-4.30,-10.70
O2III,116.50,1260000.00,18.50,45600.00,-0.35,-6.20,-4.30,-10.50
O2IV,105.70,872000.00,15.40,45600.00,-0.35,-5.80,-4.30,-10.10
O2V,95.00,795000.00,14.70,45600.00,-0.35,-5.70,-4.30,-10.00
O2VI,30.00,603000.00,12.80,45600.00,-0.35,-5.40,-4.30,-9.70
O3Ia,148.00,1850000.00,25.50,42800.00,-0.34,-6.80,-4.12,-10.92
O3Ia0,159.00,16800000.00,76.90,42800.00,-0.34,-9.20,-4.12,-13.32
O3Ib,136.90,1400000.00,22.20,42800.00,-0.34,-6.50,-4.12,-10.62
O3II,125.80,1210000.00,20.00,43400.00,-0.34,-6.30,-4.16,-10.46
O3III,114.70,917000.00,17.50,43400.00,-0.34,-6.00,-4.16,-10.16
O3IV,103.60,696000.00,15.20,43400.00,-0.34,-5.70,-4.16,-9.86
O3V,92.50,634000.00,14.50,43400.00,-0.34,-5.60,-4.16,-9.76
O3VI,23.00,481000.00,12.60,43400.00,-0.34,-5.30,-4.16,-9.46
O4Ia,147.30,1740000.00,27.70,40400.00,-0.33,-6.90,-3.95,-10.85
O4Ia0,158.70,13200000.00,76.40,40400.00,-0.33,-9.10,-3.95,-13.05
O4Ib,135.80,1200000.00,23.10,40400.00,-0.33,-6.50,-3.95,-10.45
O4II,124.40,960000.00,19.80,41200.00,-0.34,-6.20,-4.01,-10.21
O4III,112.90,728000.00,17.30,41200.00,-0.34,-5.90,-4.01,-9.91
O4IV,101.50,552000.00,15.00,41200.00,-0.34,-5.60,-4.01,-9.61
O4V,90.00,504000.00,14.40,41200.00,-0.34,-5.50,-4.01,-9.51
O4VI,20.00,382000.00,12.50,41200.00,-0.34,-5.20,-4.01,-9.21
O5Ia,142.00,1480000.00,29.00,38000.00,-0.33,-6.90,-3.78,-10.68
O5Ia0,158.40,10300000.00,76.20,38000.00,-0.33,-9.00,-3.78,-12.78
O5Ib,125.60,1030000.00,24.10,38000.00,-0.33,-6.50,-3.78,-10.28
O5II,109.20,759000.00,19.70,39000.00,-0.33,-6.10,-3.85,-9.95
O5III,92.80,525000.00,16.40,39000.00,-0.33,-5.70,-3.85,-9.55
O5IV,76.40,437000.00,14.90,39000.00,-0.33,-5.50,-3.85,-9.35
O5V,60.00,398000.00,14.20,39000.00,-0.33,-5.40,-3.85,-9.25
O5VI,17.50,302000.00,12.40,39000.00,-0.33,-5.10,-3.85,-8.95
O6Ia,120.10,1360000.00,31.90,35400.00,-0.32,-7.00,-3.58,-10.58
O6Ia0,136.70,7810000.00,76.60,35400.00,-0.32,-8.90,-3.58,-12.48
O6Ib,103.50,781000.00,24.20,35400.00,-0.32,-6.40,-3.58,-9.98
O6II,86.90,654000.00,20.50,36800.00,-0.32,-6.10,-3.69,-9.79
O6III,70.20,376000.00,15.60,36800.00,-0.32,-5.50,-3.69,-9.19
O6IV,53.60,313000.00,14.20,36800.00,-0.32,-5.30,-3.69,-8.99
O6V,37.00,260000.00,12.90,36800.00,-0.32,-5.10,-3.69,-8.79
O6VI,14.20,180000.00,10.80,36800.00,-0.32,-4.70,-3.69,-8.39
O7Ia,100.90,1120000.00,33.80,32800.00,-0.31,-7.00,-3.37,-10.37
O7Ia0,115.10,5880000.00,77.40,32800.00,-0.31,-8.80,-3.37,-12.17
O7Ib,86.70,588000.00,24.50,32800.00,-0.31,-6.30,-3.37,-9.67
O7II,72.50,510000.00,20.50,34600.00,-0.32,-6.00,-3.52,-9.52
O7III,58.40,294000.00,15.50,34600.00,-0.32,-5.40,-3.52,-8.92
O7IV,44.20,223000.00,13.50,34600.00,-0.32,-5.10,-3.52,-8.62
O7V,30.00,154000.00,11.30,34600.00,-0.32,-4.70,-3.52,-8.22
O7VI,10.90,107000.00,9.36,34600.00,-0.32,-4.30,-3.52,-7.82
O8Ia,81.70,913000.00,36.00,30200.00,-0.30,-7.00,-3.15,-10.15
O8Ia0,93.40,4370000.00,78.70,30200.00,-0.30,-8.70,-3.15,-11.85
O8Ib,69.90,437000.00,24.90,30200.00,-0.30,-6.20,-3.15,-9.35
O8II,58.20,360000.00,19.60,32400.00,-0.31,-5.80,-3.34,-9.14
O8III,46.50,207000.00,14.90,32400.00,-0.31,-5.20,-3.34,-8.54
O8IV,34.70,157000.00,13.00,32400.00,-0.31,-4.90,-3.34,-8.24
O8V,23.00,99100.00,10.30,32400.00,-0.31,-4.40,-3.34,-7.74
O8VI,7.60,57000.00,7.81,32400.00,-0.31,-3.80,-3.34,-7.14
O9Ia,63.10,731000.00,38.50,27600.00,-0.29,-7.00,-2.91,-9.91
O9Ia0,71.80,3190000.00,80.50,27600.00,-0.29,-8.60,-2.91,-11.51
O9Ib,54.50,319000.00,25.50,27600.00,-0.29,-6.10,-2.91,-9.01
O9II,45.90,276000.00,19.80,30200.00,-0.30,-5.70,-3.15,-8.85
O9III,37.30,159000.00,15.00,30200.00,-0.30,-5.10,-3.15,-8.25
O9IV,28.60,110000.00,12.50,30200.00,-0.30,-4.70,-3.15,-7.85
O9V,20.00,57600.00,9.04,30200.00,-0.30,-4.00,-3.15,-7.15
O9VI,6.70,33100.00,6.85,30200.00,-0.30,-3.40,-3.15,-6.55
R0Ia,10.20,170000.00,649.00,4669.00,1.03,-7.70,-0.62,-8.32
R0Ia0,12.00,813000.00,1420.00,4669.00,1.03,-9.40,-0.62,-10.02
R0Ib,8.30,9770.00,156.00,4669.00,1.03,-4.60,-0.62,-5.22
R0II,6.50,1290.00,56.50,4669.00,1.03,-2.40,-0.62,-3.02
R0III,4.60,89.10,14.90,4669.00,1.03,0.50,-0.62,-0.12
R0IV,2.80,6.20,2.76,5560.00,0.75,3.00,-0.23,2.77
R0V,0.90,0.98,1.10,5560.00,0.75,5.00,-0.23,4.77
R0VI,0.80,0.30,0.61,5560.00,0.75,6.30,-0.23,6.07
R1Ia,10.50,166000.00,672.00,4561.00,1.07,-7.60,-0.70,-8.30
R1Ia0,12.40,871000.00,1540.00,4561.00,1.07,-9.40,-0.70,-10.10
R1Ib,8.60,10500.00,169.00,4561.00,1.07,-4.60,-0.70,-5.30
R1II,6.70,1380.00,61.30,4561.00,1.07,-2.40,-0.70,-3.10
R1III,4.70,105.00,16.90,4561.00,1.07,0.40,-0.70,-0.30
R1IV,2.80,6.61,3.11,5331.00,0.82,3.00,-0.30,2.70
R1V,0.90,0.79,1.08,5331.00,0.82,5.30,-0.30,5.00
R1VI,0.70,0.22,0.57,5331.00,0.82,6.70,-0.30,6.40
R2Ia,10.80,179000.00,733.00,4453.00,1.11,-7.60,-0.78,-8.38
R2Ia0,12.80,940000.00,1680.00,4453.00,1.11,-9.40,-0.78,-10.18
R2Ib,8.80,12400.00,193.00,4453.00,1.11,-4.70,-0.78,-5.48
R2II,6.80,1490.00,66.80,4453.00,1.11,-2.40,-0.78,-3.18
R2III,4.80,136.00,20.20,4453.00,1.11,0.20,-0.78,-0.58
R2IV,2.80,7.17,3.53,5102.00,0.89,3.00,-0.39,2.61
R2V,0.80,0.65,1.07,5102.00,0.89,5.60,-0.39,5.21
R2VI,0.70,0.18,0.56,5102.00,0.89,7.00,-0.39,6.61
R3Ia,11.20,178000.00,766.00,4346.00,1.15,-7.50,-0.87,-8.37
R3Ia0,13.30,932000.00,1750.00,4346.00,1.15,-9.30,-0.87,-10.17
R3Ib,9.10,13500.00,211.00,4346.00,1.15,-4.70,-0.87,-5.57
R3II,7.00,1780.00,76.60,4346.00,1.15,-2.50,-0.87,-3.37
R3III,5.00,162.00,23.10,4346.00,1.15,0.10,-0.87,-0.77
R3IV,2.90,7.26,3.90,4873.00,0.97,3.10,-0.50,2.60
R3V,0.80,0.55,1.07,4873.00,0.97,5.90,-0.50,5.40
R3VI,0.60,0.15,0.56,4873.00,0.97,7.30,-0.50,6.80
R4Ia,11.50,195000.00,844.00,4238.00,1.19,-7.50,-0.97,-8.47
R4Ia0,13.70,1020000.00,1930.00,4238.00,1.19,-9.30,-0.97,-10.27
R4Ib,9.40,16200.00,243.00,4238.00,1.19,-4.80,-0.97,-5.77
R4II,7.20,1950.00,84.40,4238.00,1.19,-2.50,-0.97,-3.47
R4III,5.10,195.00,26.70,4238.00,1.19,0.00,-0.97,-0.97
R4IV,2.90,8.25,4.57,4644.00,1.04,3.10,-0.64,2.46
R4V,0.80,0.52,1.15,4644.00,1.04,6.10,-0.64,5.46
R4VI,0.60,0.12,0.55,4644.00,1.04,7.70,-0.64,7.06
R5Ia,11.90,197000.00,893.00,4130.00,1.23,-7.40,-1.08,-8.48
R5Ia0,14.10,1130000.00,2140.00,4130.00,1.23,-9.30,-1.08,-10.38
R5Ib,9.60,21600.00,296.00,4130.00,1.23,-5.00,-1.08,-6.08
R5II,7.40,2160.00,93.50,4130.00,1.23,-2.50,-1.08,-3.58
R5III,5.20,259.00,32.40,4130.00,1.23,-0.20,-1.08,-1.28
R5IV,2.90,9.67,5.47,4416.00,1.12,3.10,-0.81,2.29
R5V,0.70,0.46,1.20,4416.00,1.12,6.40,-0.81,5.59
R5VI,0.50,0.09,0.52,4416.00,1.12,8.20,-0.81,7.39
R6Ia,12.20,220000.00,995.00,4023.00,1.27,-7.40,-1.20,-8.60
R6Ia0,14.50,1260000.00,2390.00,4023.00,1.27,-9.30,-1.20,-10.50
R6Ib,9.90,31800.00,378.00,4023.00,1.27,-5.30,-1.20,-6.50
R6II,7.60,2410.00,104.00,4023.00,1.27,-2.50,-1.20,-3.70
R6III,5.30,318.00,37.80,4023.00,1.27,-0.30,-1.20,-1.50
R6IV,3.00,11.70,6.71,4187.00,1.21,3.10,-1.02,2.08
R6V,0.70,0.43,1.28,4187.00,1.21,6.70,-1.02,5.68
R6VI,0.40,0.07,0.51,4187.00,1.21,8.70,-1.02,7.68
R7Ia,12.60,227000.00,1070.00,3915.00,1.32,-7.30,-1.34,-8.64
R7Ia0,15.00,1430000.00,2680.00,3915.00,1.32,-9.30,-1.34,-10.64
R7Ib,10.20,39400.00,445.00,3915.00,1.32,-5.40,-1.34,-6.74
R7II,7.80,2990.00,122.00,3915.00,1.32,-2.60,-1.34,-3.94
R7III,5.40,394.00,44.50,3915.00,1.32,-0.40,-1.34,-1.74
R7IV,3.00,13.60,8.08,3958.00,1.30,3.20,-1.28,1.92
R7V,0.60,0.26,1.12,3958.00,1.30,7.50,-1.28,6.22
R7VI,0.40,0.05,0.47,3958.00,1.30,9.40,-1.28,8.12
R8Ia,12.90,259000.00,1210.00,3808.00,1.36,-7.30,-1.48,-8.78
R8Ia0,15.40,1640000.00,3030.00,3808.00,1.36,-9.30,-1.48,-10.78
R8Ib,10.40,45000.00,503.00,3808.00,1.36,-5.40,-1.48,-6.88
R8II,8.00,3420.00,138.00,3808.00,1.36,-2.60,-1.48,-4.08
R8III,5.50,541.00,55.10,3808.00,1.36,-0.60,-1.48,-2.08
R8IV,3.00,18.20,10.50,3729.00,1.39,3.20,-1.60,1.60
R8V,0.60,0.18,1.05,3729.00,1.39,8.20,-1.60,6.60
R8VI,0.30,0.04,0.48,3729.00,1.39,9.90,-1.60,8.30
R9Ia,13.30,274000.00,1310.00,3700.00,1.41,-7.20,-1.65,-8.85
R9Ia0,15.80,1900000.00,3460.00,3700.00,1.41,-9.30,-1.65,-10.95
R9Ib,10.70,57300.00,600.00,3700.00,1.41,-5.50,-1.65,-7.15
R9II,8.20,3960.00,158.00,3700.00,1.41,-2.60,-1.65,-4.25
R9III,5.60,689.00,65.80,3700.00,1.41,-0.70,-1.65,-2.35
R9IV,3.10,26.00,14.30,3500.00,1.49,3.20,-1.99,1.21
R9V,0.50,0.13,0.99,3500.00,1.49,9.00,-1.99,7.01
R9VI,0.20,0.04,0.54,3500.00,1.49,10.30,-1.99,8.31
S0Ia,13.30,274000.00,1310.00,3700.00,1.41,-7.20,-1.65,-8.85
S0Ia0,15.80,1900000.00,3460.00,3700.00,1.41,-9.30,-1.65,-10.95
S0Ib,10.70,57300.00,600.00,3700.00,1.41,-5.50,-1.65,-7.15
S0II,8.20,3960.00,158.00,3700.00,1.41,-2.60,-1.65,-4.25
S0III,5.60,689.00,65.80,3700.00,1.41,-0.70,-1.65,-2.35
S0IV,3.10,26.00,14.30,3500.00,1.49,3.20,-1.99,1.21
S0V,0.50,0.13,0.99,3500.00,1.49,9.00,-1.99,7.01
S0VI,0.20,0.04,0.54,3500.00,1.49,10.30,-1.99,8.31
S1Ia,12.70,337000.00,1620.00,3510.00,1.49,-7.10,-1.97,-9.07
S1Ia0,15.10,2560000.00,4460.00,3510.00,1.49,-9.30,-1.97,-11.27
S1Ib,10.20,77300.00,775.00,3510.00,1.49,-5.50,-1.97,-7.47
S1II,7.80,5860.00,213.00,3510.00,1.49,-2.70,-1.97,-4.67
S1III,5.30,929.00,85.00,3510.00,1.49,-0.70,-1.97,-2.67
S1IV,2.90,35.50,18.40,3333.00,1.57,3.20,-2.33,0.87
S1V,0.50,0.06,0.77,3333.00,1.57,10.10,-2.33,7.77
S1VI,0.20,0.02,0.42,3333.00,1.57,11.40,-2.33,9.07
S2Ia,12.10,481000.00,2160.00,3320.00,1.58,-7.10,-2.36,-9.46
S2Ia0,14.50,3650000.00,5950.00,3320.00,1.58,-9.30,-2.36,-11.66
S2Ib,9.80,110000.00,1030.00,3320.00,1.58,-5.50,-2.36,-7.86
S2II,7.40,8360.00,285.00,3320.00,1.58,-2.70,-2.36,-5.06
S2III,5.10,1210.00,108.00,3320.00,1.58,-0.60,-2.36,-2.96
S2IV,2.70,50.90,24.40,3167.00,1.65,3.20,-2.72,0.48
S2V,0.40,0.03,0.61,3167.00,1.65,11.20,-2.72,8.48
S2VI,0.20,0.01,0.32,3167.00,1.65,12.60,-2.72,9.88
S3Ia,11.60,733000.00,3000.00,3130.00,1.67,-7.10,-2.81,-9.91
S3Ia0,13.80,5070000.00,7890.00,3130.00,1.67,-9.20,-2.81,-12.01
S3Ib,9.30,168000.00,1440.00,3130.00,1.67,-5.50,-2.81,-8.31
S3II,7.10,14000.00,414.00,3130.00,1.67,-2.80,-2.81,-5.61
S3III,4.80,1840.00,150.00,3130.00,1.67,-0.60,-2.81,-3.41
S3IV,2.60,77.60,33.60,3000.00,1.74,3.20,-3.18,0.02
S3V,0.30,0.02,0.51,3000.00,1.74,12.30,-3.18,9.12
S3VI,0.20,0.00,0.27,3000.00,1.74,13.70,-3.18,10.52
S4Ia,11.00,1100000.00,4180.00,2940.00,1.77,-7.00,-3.36,-10.36
S4Ia0,13.20,8380000.00,11500.00,2940.00,1.77,-9.20,-3.36,-12.56
S4Ib,8.90,277000.00,2090.00,2940.00,1.77,-5.50,-3.36,-8.86
S4II,6.70,23100.00,604.00,2940.00,1.77,-2.80,-3.36,-6.16
S4III,4.60,2770.00,209.00,2940.00,1.77,-0.50,-3.36,-3.86
S4IV,2.40,127.00,48.30,2833.00,1.83,3.20,-3.71,-0.51
S4V,0.30,0.01,0.44,2833.00,1.83,13.40,-3.71,9.69
S4VI,0.10,0.00,0.22,2833.00,1.83,14.90,-3.71,11.19
S5Ia,10.50,2020000.00,6450.00,2750.00,1.88,-7.00,-4.01,-11.01
S5Ia0,12.50,15300000.00,17800.00,2750.00,1.88,-9.20,-4.01,-13.21
S5Ib,8.40,507000.00,3230.00,2750.00,1.88,-5.50,-4.01,-9.51
S5II,6.40,46200.00,976.00,2750.00,1.88,-2.90,-4.01,-6.91
S5III,4.30,5070.00,323.00,2750.00,1.88,-0.50,-4.01,-4.51
S5IV,2.30,207.00,69.40,2667.00,1.93,3.30,-4.34,-1.04
S5V,0.20,0.01,0.38,2667.00,1.93,14.60,-4.34,10.26
S5VI,0.10,0.00,0.20,2667.00,1.93,16.00,-4.34,11.66
S6Ia,10.30,4170000.00,10700.00,2560.00,2.00,-7.00,-4.80,-11.80
S6Ia0,12.40,28800000.00,28100.00,2560.00,2.00,-9.10,-4.80,-13.90
S6Ib,8.30,955000.00,5120.00,2560.00,2.00,-5.40,-4.80,-10.20
S6II,6.30,95500.00,1620.00,2560.00,2.00,-2.90,-4.80,-7.70
S6III,4.20,9550.00,512.00,2560.00,2.00,-0.40,-4.80,-5.20
S6IV,2.20,410.00,111.00,2500.00,2.03,3.30,-5.08,-1.78
S6V,0.20,0.00,0.37,2500.00,2.03,15.70,-5.08,10.62
S6VI,0.10,0.00,0.22,2500.00,2.03,16.80,-5.08,11.72
S7Ia,10.20,9180000.00,18500.00,2370.00,2.12,-6.90,-5.76,-12.66
S7Ia0,12.30,69600000.00,51000.00,2370.00,2.12,-9.10,-5.76,-14.86
S7Ib,8.20,2100000.00,8870.00,2370.00,2.12,-5.30,-5.76,-11.06
S7II,6.20,253000.00,3070.00,2370.00,2.12,-3.00,-5.76,-8.76
S7III,4.20,21000.00,887.00,2370.00,2.12,-0.30,-5.76,-6.06
S7IV,2.10,926.00,192.00,2333.00,2.14,3.30,-5.97,-2.67
S7V,0.10,0.00,0.38,2333.00,2.14,16.80,-5.97,10.83
S7VI,0.10,0.00,0.28,2333.00,2.14,17.50,-5.97,11.53
S8Ia,10.10,27000000.00,37600.00,2180.00,2.25,-6.90,-6.93,-13.83
S8Ia0,12.10,205000000.00,103000.00,2180.00,2.25,-9.10,-6.93,-16.03
S8Ib,8.10,5150000.00,16400.00,2180.00,2.25,-5.10,-6.93,-12.03
S8II,6.10,744000.00,6230.00,2180.00,2.25,-3.00,-6.93,-9.93
S8III,4.10,51500.00,1640.00,2180.00,2.25,-0.10,-6.93,-7.03
S8IV,2.10,2440.00,361.00,2167.00,2.26,3.30,-7.02,-3.72
S8V,0.10,0.00,0.43,2167.00,2.26,17.90,-7.02,10.88
S8VI,0.10,0.00,0.36,2167.00,2.26,18.30,-7.02,11.28
S9Ia,10.00,103000000.00,87900.00,1990.00,2.40,-6.90,-8.38,-15.28
S9Ia0,12.00,711000000.00,231000.00,1990.00,2.40,-9.00,-8.38,-17.38
S9Ib,8.00,17900000.00,36700.00,1990.00,2.40,-5.00,-8.38,-13.38
S9II,6.00,2830000.00,14600.00,1990.00,2.40,-3.00,-8.38,-11.38
S9III,4.10,179000.00,3670.00,1990.00,2.40,0.00,-8.38,-8.38
S9IV,2.10,7910.00,764.00,2000.00,2.39,3.30,-8.30,-5.00
S9V,0.10,0.00,0.55,2000.00,2.39,19.00,-8.30,10.70
S9VI,0.10,0.00,0.55,2000.00,2.39,19.00,-8.30,10.70
WC0Ia,150.00,2590000.00,22.10,50000.00,-0.35,-6.70,-4.58,-11.28
WC0Ia0,160.00,34100000.00,80.20,50000.00,-0.35,-9.50,-4.58,-14.08
WC0Ib,140.00,2150000.00,20.20,50000.00,-0.35,-6.50,-4.58,-11.08
WC0II,130.00,2150000.00,20.20,50000.00,-0.35,-6.50,-4.58,-11.08
WC0III,120.00,2150000.00,20.20,50000.00,-0.35,-6.50,-4.58,-11.08
WC0IV,110.00,1360000.00,16.00,50000.00,-0.35,-6.00,-4.58,-10.58
WC0V,100.00,1240000.00,15.30,50000.00,-0.35,-5.90,-4.58,-10.48
WC0VI,60.00,940000.00,13.30,50000.00,-0.35,-5.60,-4.58,-10.18
WC1Ia,149.30,2250000.00,22.70,47600.00,-0.35,-6.70,-4.43,-11.13
WC1Ia0,159.70,27100000.00,78.80,47600.00,-0.35,-9.40,-4.43,-13.83
WC1Ib,139.00,1870000.00,20.70,47600.00,-0.35,-6.50,-4.43,-10.93
WC1II,128.60,1730000.00,19.80,47800.00,-0.35,-6.40,-4.44,-10.84
WC1III,118.20,1580000.00,18.90,47800.00,-0.35,-6.30,-4.44,-10.74
WC1IV,107.90,1090000.00,15.70,47800.00,-0.35,-5.90,-4.44,-10.34
WC1V,97.50,994000.00,15.00,47800.00,-0.35,-5.80,-4.44,-10.24
WC1VI,37.00,754000.00,13.10,47800.00,-0.35,-5.50,-4.44,-9.94
WC2Ia,148.60,2140000.00,24.60,45200.00,-0.35,-6.80,-4.28,-11.08
WC2Ia0,159.40,21400000.00,77.70,45200.00,-0.35,-9.30,-4.28,-13.58
WC2Ib,137.90,1620000.00,21.40,45200.00,-0.35,-6.50,-4.28,-10.78
WC2II,127.20,1520000.00,20.30,45600.00,-0.35,-6.40,-4.30,-10.70
WC2III,116.50,1260000.00,18.50,45600.00,-0.35,-6.20,-4.30,-10.50
WC2IV,105.70,872000.00,15.40,45600.00,-0.35,-5.80,-4.30,-10.10
WC2V,95.00,795000.00,14.70,45600.00,-0.35,-5.70,-4.30,-10.00
WC2VI,30.00,603000.00,12.80,45600.00,-0.35,-5.40,-4.30,-9.70
WC3Ia,148.00,1850000.00,25.50,42800.00,-0.34,-6.80,-4.12,-10.92
WC3Ia0,159.00,16800000.00,76.90,42800.00,-0.34,-9.20,-4.12,-13.32
WC3Ib,136.90,1400000.00,22.20,42800.00,-0.34,-6.50,-4.12,-10.62
WC3II,125.80,1210000.00,20.00,43400.00,-0.34,-6.30,-4.16,-10.46
WC3III,114.70,917000.00,17.50,43400.00,-0.34,-6.00,-4.16,-10.16
WC3IV,103.60,696000.00,15.20,43400.00,-0.34,-5.70,-4.16,-9.86
WC3V,92.50,634000.00,14.50,43400.00,-0.34,-5.60,-4.16,-9.76
WC3VI,23.00,481000.00,12.60,43400.00,-0.34,-5.30,-4.16,-9.46
WC4Ia,147.30,1740000.00,27.70,40400.00,-0.33,-6.90,-3.95,-10.85
WC4Ia0,158.70,13200000.00,76.40,40400.00,-0.33,-9.10,-3.95,-13.05
WC4Ib,135.80,1200000.00,23.10,40400.00,-0.33,-6.50,-3.95,-10.45
WC4II,124.40,960000.00,19.80,41200.00,-0.34,-6.20,-4.01,-10.21
WC4III,112.90,728000.00,17.30,41200.00,-0.34,-5.90,-4.01,-9.91
WC4IV,101.50,552000.00,15.00,41200.00,-0.34,-5.60,-4.01,-9.61
WC4V,90.00,504000.00,14.40,41200.00,-0.34,-5.50,-4.01,-9.51
WC4VI,20.00,382000.00,12.50,41200.00,-0.34,-5.20,-4.01,-9.21
WC5Ia,142.00,1480000.00,29.00,38000.00,-0.33,-6.90,-3.78,-10.68
WC5Ia0,158.40,10300000.00,76.20,38000.00,-0.33,-9.00,-3.78,-12.78
WC5Ib,125.60,1030000.00,24.10,38000.00,-0.33,-6.50,-3.78,-10.28
WC5II,109.20,759000.00,19.70,39000.00,-0.33,-6.10,-3.85,-9.95
WC5III,92.80,525000.00,16.40,39000.00,-0.33,-5.70,-3.85,-9.55
WC5IV,76.40,437000.00,14.90,39000.00,-0.33,-5.50,-3.85,-9.35
WC5V,60.00,398000.00,14.20,39000.00,-0.33,-5.40,-3.85,-9.25
WC5VI,17.50,302000.00,12.40,39000.00,-0.33,-5.10,-3.85,-8.95
WC6Ia,120.10,1360000.00,31.90,35400.00,-0.32,-7.00,-3.58,-10.58
WC6Ia0,136.70,7810000.00,76.60,35400.00,-0.32,-8.90,-3.58,-12.48
WC6Ib,103.50,781000.00,24.20,35400.00,-0.32,-6.40,-3.58,-9.98
WC6II,86.90,654000.00,20.50,36800.00,-0.32,-6.10,-3.69,-9.79
WC6III,70.20,376000.00,15.60,36800.00,-0.32,-5.50,-3.69,-9.19
WC6IV,53.60,313000.00,14.20,36800.00,-0.32,-5.30,-3.69,-8.99
WC6V,37.00,260000.00,12.90,36800.00,-0.32,-5.10,-3.69,-8.79
WC6VI,14.20,180000.00,10.80,36800.00,-0.32,-4.70,-3.69,-8.39
WC7Ia,100.90,1120000.00,33.80,32800.00,-0.31,-7.00,-3.37,-10.37
WC7Ia0,115.10,5880000.00,77.40,32800.00,-0.31,-8.80,-3.37,-12.17
WC7Ib,86.70,588000.00,24.50,32800.00,-0.31,-6.30,-3.37,-9.67
WC7II,72.50,510000.00,20.50,34600.00,-0.32,-6.00,-3.52,-9.52
WC7III,58.40,294000.00,15.50,34600.00,-0.32,-5.40,-3.52,-8.92
WC7IV,44.20,223000.00,13.50,34600.00,-0.32,-5.10,-3.52,-8.62
WC7V,30.00,154000.00,11.30,34600.00,-0.32,-4.70,-3.52,-8.22
WC7VI,10.90,107000.00,9.36,34600.00,-0.32,-4.30,-3.52,-7.82
WC8Ia,81.70,913000.00,36.00,30200.00,-0.30,-7.00,-3.15,-10.15
WC8Ia0,93.40,4370000.00,78.70,30200.00,-0.30,-8.70,-3.15,-11.85
WC8Ib,69.90,437000.00,24.90,30200.00,-0.30,-6.20,-3.15,-9.35
WC8II,58.20,360000.00,19.60,32400.00,-0.31,-5.80,-3.34,-9.14
WC8III,46.50,207000.00,14.90,32400.00,-0.31,-5.20,-3.34,-8.54
WC8IV,34.70,157000.00,13.00,32400.00,-0.31,-4.90,-3.34,-8.24
WC8V,23.00,99100.00,10.30,32400.00,-0.31,-4.40,-3.34,-7.74
WC8VI,7.60,57000.00,7.81,32400.00,-0.31,-3.80,-3.34,-7.14
WC9Ia,63.10,731000.00,38.50,27600.00,-0.29,-7.00,-2.91,-9.91
WC9Ia0,71.80,3190000.00,80.50,27600.00,-0.29,-8.60,-2.91,-11.51
WC9Ib,54.50,319000.00,25.50,27600.00,-0.29,-6.10,-2.91,-9.01
WC9II,45.90,276000.00,19.80,30200.00,-0.30,-5.70,-3.15,-8.85
WC9III,37.30,159000.00,15.00,30200.00,-0.30,-5.10,-3.15,-8.25
WC9IV,28.60,110000.00,12.50,30200.00,-0.30,-4.70,-3.15,-7.85
WC9V,20.00,57600.00,9.04,30200.00,-0.30,-4.00,-3.15,-7.15
WC9VI,6.70,33100.00,6.85,30200.00,-0.30,-3.40,-3.15,-6.55
WN0Ia,150.00,2590000.00,22.10,50000.00,-0.35,-6.70,-4.58,-11.28
WN0Ia0,160.00,34100000.00,80.20,50000.00,-0.35,-9.50,-4.58,-14.08
WN0Ib,140.00,2150000.00,20.20,50000.00,-0.35,-6.50,-4.58,-11.08
WN0II,130.00,2150000.00,20.20,50000.00,-0.35,-6.50,-4.58,-11.08
WN0III,120.00,2150000.00,20.20,50000.00,-0.35,-6.50,-4.58,-11.08
WN0IV,110.00,1360000.00,16.00,50000.00,-0.35,-6.00,-4.58,-10.58
WN0V,100.00,1240000.00,15.30,50000.00,-0.35,-5.90,-4.58,-10.48
WN0VI,60.00,940000.00,13.30,50000.00,-0.35,-5.60,-4.58,-10.18
WN1Ia,149.30,2250000.00,22.70,47600.00,-0.35,-6.70,-4.43,-11.13
WN1Ia0,159.70,27100000.00,78.80,47600.00,-0.35,-9.40,-4.43,-13.83
WN1Ib,139.00,1870000.00,20.70,47600.00,-0.35,-6.50,-4.43,-10.93
WN1II,128.60,1730000.00,19.80,47800.00,-0.35,-6.40,-4.44,-10.84
WN1III,118.20,1580000.00,18.90,47800.00,-0.35,-6.30,-4.44,-10.74
WN1IV,107.90,1090000.00,15.70,47800.00,-0.35,-5.90,-4.44,-10.34
WN1V,97.50,994000.00,15.00,47800.00,-0.35,-5.80,-4.44,-10.24
WN1VI,37.00,754000.00,13.10,47800.00,-0.35,-5.50,-4.44,-9.94
WN2Ia,148.60,2140000.00,24.60,45200.00,-0.35,-6.80,-4.28,-11.08
WN2Ia0,159.40,21400000.00,77.70,45200.00,-0.35,-9.30,-4.28,-13.58
WN2Ib,137.90,1620000.00,21.40,45200.00,-0.35,-6.50,-4.28,-10.78
WN2II,127.20,1520000.00,20.30,45600.00,-0.35,-6.40,-4.30,-10.70
WN2III,116.50,1260000.00,18.50,45600.00,-0.35,-6.20,-4.30,-10.50
WN2IV,105.70,872000.00,15.40,45600.00,-0.35,-5.80,-4.30,-10.10
WN2V,95.00,795000.00,14.70,45600.00,-0.35,-5.70,-4.30,-10.00
WN2VI,30.00,603000.00,12.80,45600.00,-0.35,-5.40,-4.30,-9.70
WN3Ia,148.00,1850000.00,25.50,42800.00,-0.34,-6.80,-4.12,-10.92
WN3Ia0,159.00,16800000.00,76.90,42800.00,-0.34,-9.20,-4.12,-13.32
WN3Ib,136.90,1400000.00,22.20,42800.00,-0.34,-6.50,-4.12,-10.62
WN3II,125.80,1210000.00,20.00,43400.00,-0.34,-6.30,-4.16,-10.46
WN3III,114.70,917000.00,17.50,43400.00,-0.34,-6.00,-4.16,-10.16
WN3IV,103.60,696000.00,15.20,43400.00,-0.34,-5.70,-4.16,-9.86
WN3V,92.50,634000.00,14.50,43400.00,-0.34,-5.60,-4.16,-9.76
WN3VI,23.00,481000.00,12.60,43400.00,-0.34,-5.30,-4.16,-9.46
WN4Ia,147.30,1740000.00,27.70,40400.00,-0.33,-6.90,-3.95,-10.85
WN4Ia0,158.70,13200000.00,76.40,40400.00,-0.33,-9.10,-3.95,-13.05
WN4Ib,135.80,1200000.00,23.10,40400.00,-0.33,-6.50,-3.95,-10.45
WN4II,124.40,960000.00,19.80,41200.00,-0.34,-6.20,-4.01,-10.21
WN4III,112.90,728000.00,17.30,41200.00,-0.34,-5.90,-4.01,-9.91
WN4IV,101.50,552000.00,15.00,41200.00,-0.34,-5.60,-4.01,-9.61
WN4V,90.00,504000.00,14.40,41200.00,-0.34,-5.50,-4.01,-9.51
WN4VI,20.00,382000.00,12.50,41200.00,-0.34,-5.20,-4.01,-9.21
WN5Ia,142.00,1480000.00,29.00,38000.00,-0.33,-6.90,-3.78,-10.68
WN5Ia0,158.40,10300000.00,76.20,38000.00,-0.33,-9.00,-3.78,-12.78
WN5Ib,125.60,1030000.00,24.10,38000.00,-0.33,-6.50,-3.78,-10.28
WN5II,109.20,759000.00,19.70,39000.00,-0.33,-6.10,-3.85,-9.95
WN5III,92.80,525000.00,16.40,39000.00,-0.33,-5.70,-3.85,-9.55
WN5IV,76.40,437000.00,14.90,39000.00,-0.33,-5.50,-3.85,-9.35
WN5V,60.00,398000.00,14.20,39000.00,-0.33,-5.40,-3.85,-9.25
WN5VI,17.50,302000.00,12.40,39000.00,-0.33,-5.10,-3.85,-8.95
WN6Ia,120.10,1360000.00,31.90,35400.00,-0.32,-7.00,-3.58,-10.58
WN6Ia0,136.70,7810000.00,76.60,35400.00,-0.32,-8.90,-3.58,-12.48
WN6Ib,103.50,781000.00,24.20,35400.00,-0.32,-6.40,-3.58,-9.98
WN6II,86.90,654000.00,20.50,36800.00,-0.32,-6.10,-3.69,-9.79
WN6III,70.20,376000.00,15.60,36800.00,-0.32,-5.50,-3.69,-9.19
WN6IV,53.60,313000.00,14.20,36800.00,-0.32,-5.30,-3.69,-8.99
WN6V,37.00,260000.00,12.90,36800.00,-0.32,-5.10,-3.69,-8.79
WN6VI,14.20,180000.00,10.80,36800.00,-0.32,-4.70,-3.69,-8.39
WN7Ia,100.90,1120000.00,33.80,32800.00,-0.31,-7.00,-3.37,-10.37
WN7Ia0,115.10,5880000.00,77.40,32800.00,-0.31,-8.80,-3.37,-12.17
WN7Ib,86.70,588000.00,24.50,32800.00,-0.31,-6.30,-3.37,-9.67
WN7II,72.50,510000.00,20.50,34600.00,-0.32,-6.00,-3.52,-9.52
WN7III,58.40,294000.00,15.50,34600.00,-0.32,-5.40,-3.52,-8.92
WN7IV,44.20,223000.00,13.50,34600.00,-0.32,-5.10,-3.52,-8.62
WN7V,30.00,154000.00,11.30,34600.00,-0.32,-4.70,-3.52,-8.22
WN7VI,10.90,107000.00,9.36,34600.00,-0.32,-4.30,-3.52,-7.82
WN8Ia,81.70,913000.00,36.00,30200.00,-0.30,-7.00,-3.15,-10.15
WN8Ia0,93.40,4370000.00,78.70,30200.00,-0.30,-8.70,-3.15,-11.85
WN8Ib,69.90,437000.00,24.90,30200.00,-0.30,-6.20,-3.15,-9.35
WN8II,58.20,360000.00,19.60,32400.00,-0.31,-5.80,-3.34,-9.14
WN8III,46.50,207000.00,14.90,32400.00,-0.31,-5.20,-3.34,-8.54
WN8IV,34.70,157000.00,13.00,32400.00,-0.31,-4.90,-3.34,-8.24
WN8V,23.00,99100.00,10.30,32400.00,-0.31,-4.40,-3.34,-7.74
WN8VI,7.60,57000.00,7.81,32400.00,-0.31,-3.80,-3.34,-7.14
WN9Ia,63.10,731000.00,38.50,27600.00,-0.29,-7.00,-2.91,-9.91
WN9Ia0,71.80,3190000.00,80.50,27600.00,-0.29,-8.60,-2.91,-11.51
WN9Ib,54.50,319000.00,25.50,27600.00,-0.29,-6.10,-2.91,-9.01
WN9II,45.90,276000.00,19.80,30200.00,-0.30,-5.70,-3.15,-8.85
WN9III,37.30,159000.00,15.00,30200.00,-0.30,-5.10,-3.15,-8.25
WN9IV,28.60,110000.00,12.50,30200.00,-0.30,-4.70,-3.15,-7.85
WN9V,20.00,57600.00,9.04,30200.00,-0.30,-4.00,-3.15,-7.15
WN9VI,6.70,33100.00,6.85,30200.00,-0.30,-3.40,-3.15,-6.55
